timestamp,open,close,low,high,volume
2025-10-07T08:00:00+00:00,179.3900,179.0000,179.0000,179.5000,2330
2025-10-07T08:01:00+00:00,179.1600,179.1600,179.1600,179.1600,1704
2025-10-07T08:02:00+00:00,179.0000,179.0500,179.0000,179.0900,3697
2025-10-07T08:03:00+00:00,179.1900,179.0500,179.0500,179.1900,2482
2025-10-07T08:04:00+00:00,179.0200,178.9000,178.9000,179.0200,2256
2025-10-07T08:05:00+00:00,178.9000,178.9600,178.8700,178.9600,4198
2025-10-07T08:07:00+00:00,178.7400,178.6800,178.6800,178.7400,1917
2025-10-07T08:08:00+00:00,178.6800,178.7600,178.6800,178.7900,2329
2025-10-07T08:10:00+00:00,178.7000,178.7500,178.7000,178.8000,1717
2025-10-07T08:11:00+00:00,178.7000,178.6300,178.6300,178.7000,2212
2025-10-07T08:12:00+00:00,178.7100,178.6800,178.6800,178.8200,6931
2025-10-07T08:15:00+00:00,178.6600,178.6600,178.6600,178.6600,955
2025-10-07T08:17:00+00:00,178.5000,178.5000,178.5000,178.5000,1471
2025-10-07T08:18:00+00:00,178.4600,178.5200,178.4400,178.5200,1487
2025-10-07T08:20:00+00:00,178.4500,178.4800,178.4500,178.5100,1237
2025-10-07T08:21:00+00:00,178.4800,178.4500,178.4500,178.4800,3479
2025-10-07T08:22:00+00:00,178.5400,178.4700,178.4700,178.5400,1369
2025-10-07T08:23:00+00:00,178.6000,178.6000,178.6000,178.6000,729
2025-10-07T08:24:00+00:00,178.6500,178.3100,178.3000,178.6600,3703
2025-10-07T08:25:00+00:00,178.2100,178.3200,178.2100,178.3200,3610
2025-10-07T08:26:00+00:00,178.2500,178.3200,178.2500,178.3200,2097
2025-10-07T08:27:00+00:00,178.3000,178.3000,178.3000,178.3000,401
2025-10-07T08:28:00+00:00,178.2400,178.2400,178.2400,178.2400,776
2025-10-07T08:29:00+00:00,178.3800,178.5400,178.3800,178.5400,2676
2025-10-07T08:30:00+00:00,178.4400,178.4400,178.4400,178.4400,609
2025-10-07T08:32:00+00:00,178.5100,178.3000,178.3000,178.5100,2279
2025-10-07T08:33:00+00:00,178.2100,178.1000,178.1000,178.2100,2338
2025-10-07T08:34:00+00:00,178.2000,178.1700,178.1000,178.2000,3638
2025-10-07T08:35:00+00:00,178.1100,178.2000,178.1100,178.2000,1735
2025-10-07T08:36:00+00:00,178.1700,178.2400,178.1700,178.2500,4979
2025-10-07T08:38:00+00:00,178.4500,178.3900,178.3800,178.4500,1478
2025-10-07T08:39:00+00:00,178.3900,178.3900,178.3900,178.3900,226
2025-10-07T08:40:00+00:00,178.3600,178.3300,178.3300,178.3600,2011
2025-10-07T08:43:00+00:00,178.3300,178.3300,178.3300,178.3300,281
2025-10-07T08:45:00+00:00,178.4200,178.4200,178.4200,178.4200,1281
2025-10-07T08:46:00+00:00,178.3700,178.4000,178.3700,178.4000,1680
2025-10-07T08:48:00+00:00,178.5500,178.5500,178.5500,178.5500,1252
2025-10-07T08:49:00+00:00,178.7100,178.7100,178.7100,178.7100,1377
2025-10-07T08:50:00+00:00,178.7900,178.6500,178.6500,178.7900,2311
2025-10-07T08:51:00+00:00,178.6700,178.6500,178.6500,178.6700,1008
2025-10-07T08:54:00+00:00,178.5900,178.5300,178.5300,178.6700,6390
2025-10-07T08:56:00+00:00,178.6900,178.6900,178.6900,178.6900,138
2025-10-07T08:57:00+00:00,178.7400,178.7400,178.7400,178.7400,565
2025-10-07T08:59:00+00:00,178.7100,178.6000,178.6000,178.7100,994
2025-10-07T09:00:00+00:00,178.5900,178.5400,178.5400,178.5900,1097
2025-10-07T09:03:00+00:00,178.6000,178.6000,178.6000,178.6000,421
2025-10-07T09:06:00+00:00,178.6600,178.6600,178.6600,178.6600,575
2025-10-07T09:09:00+00:00,178.7200,178.7300,178.7200,178.7300,1032
2025-10-07T09:11:00+00:00,178.6600,178.6600,178.6600,178.6600,723
2025-10-07T09:12:00+00:00,178.7700,178.7700,178.7700,178.7700,2275
2025-10-07T09:13:00+00:00,178.9500,178.9500,178.9500,178.9500,895
2025-10-07T09:14:00+00:00,179.1000,179.1000,179.1000,179.1000,717
2025-10-07T09:15:00+00:00,179.1000,178.8600,178.8600,179.1000,1983
2025-10-07T09:17:00+00:00,178.7200,178.7200,178.7200,178.7200,453
2025-10-07T09:20:00+00:00,178.8900,178.8900,178.8900,178.8900,600
2025-10-07T09:21:00+00:00,178.8100,178.6000,178.6000,178.8100,4046
2025-10-07T09:27:00+00:00,178.7400,178.7400,178.7400,178.7400,211
2025-10-07T09:28:00+00:00,178.7800,178.7900,178.7800,178.7900,1600
2025-10-07T09:29:00+00:00,178.8000,178.8600,178.8000,178.8600,1715
2025-10-07T09:30:00+00:00,178.9000,178.9300,178.9000,178.9300,787
2025-10-07T09:32:00+00:00,178.8300,178.8300,178.8300,178.8300,594
2025-10-07T09:33:00+00:00,178.7000,178.6800,178.6800,178.7000,1050
2025-10-07T09:34:00+00:00,178.7900,178.7900,178.7900,178.7900,715
2025-10-07T09:40:00+00:00,179.1400,179.2100,179.1400,179.2100,1203
2025-10-07T09:41:00+00:00,179.1800,179.1800,179.1800,179.1800,738
2025-10-07T09:42:00+00:00,179.1000,179.1000,179.1000,179.1000,831
2025-10-07T09:43:00+00:00,179.0000,179.0000,179.0000,179.0000,326
2025-10-07T09:44:00+00:00,179.0400,179.1800,179.0400,179.1800,1483
2025-10-07T09:45:00+00:00,179.2100,179.2100,179.2100,179.2100,433
2025-10-07T09:46:00+00:00,179.1500,179.1400,179.1400,179.1500,364
2025-10-07T09:47:00+00:00,179.1000,179.0000,179.0000,179.1000,1154
2025-10-07T09:48:00+00:00,179.0100,179.0000,178.9600,179.0100,1685
2025-10-07T09:50:00+00:00,179.1000,179.1000,179.1000,179.1000,1423
2025-10-07T09:53:00+00:00,179.0300,179.0600,179.0300,179.0600,891
2025-10-07T09:54:00+00:00,179.0600,179.0600,179.0600,179.0600,395
2025-10-07T09:58:00+00:00,179.0800,179.0800,179.0800,179.0800,576
2025-10-07T09:59:00+00:00,179.1100,179.1200,179.1100,179.1200,741
2025-10-07T10:00:00+00:00,179.0000,178.7500,178.7500,179.0500,6952
2025-10-07T10:01:00+00:00,178.7500,178.6600,178.6500,178.7500,2044
2025-10-07T10:02:00+00:00,178.7400,178.8000,178.7400,178.8000,1316
2025-10-07T10:03:00+00:00,178.8600,178.6900,178.6900,178.8600,1216
2025-10-07T10:04:00+00:00,178.6400,178.6400,178.6400,178.6400,650
2025-10-07T10:08:00+00:00,178.8500,178.8500,178.8500,178.8500,294
2025-10-07T10:09:00+00:00,178.9000,179.0700,178.9000,179.0700,1904
2025-10-07T10:10:00+00:00,179.0400,179.0100,179.0000,179.0400,1760
2025-10-07T10:11:00+00:00,179.0200,179.0200,179.0200,179.0200,215
2025-10-07T10:14:00+00:00,179.1800,179.1800,179.1800,179.1800,1439
2025-10-07T10:15:00+00:00,179.2000,179.2000,179.2000,179.2000,924
2025-10-07T10:17:00+00:00,179.0100,179.0000,179.0000,179.0100,1983
2025-10-07T10:18:00+00:00,178.9400,178.9400,178.9400,178.9400,1488
2025-10-07T10:19:00+00:00,178.9600,178.9600,178.9600,178.9600,823
2025-10-07T10:20:00+00:00,179.0400,179.0400,179.0400,179.0400,468
2025-10-07T10:22:00+00:00,179.0500,179.0800,179.0500,179.0800,651
2025-10-07T10:23:00+00:00,179.1000,179.1000,179.1000,179.1000,585
2025-10-07T10:24:00+00:00,179.1000,179.0100,179.0000,179.1000,1566
2025-10-07T10:28:00+00:00,179.0500,179.0500,179.0500,179.0500,439
2025-10-07T10:29:00+00:00,178.9800,178.9800,178.9800,178.9800,1246
2025-10-07T10:30:00+00:00,178.9300,178.9300,178.9300,178.9300,818
2025-10-07T10:32:00+00:00,178.9300,178.9300,178.9300,178.9300,627
2025-10-07T10:33:00+00:00,178.9600,178.9900,178.9600,178.9900,656
2025-10-07T10:37:00+00:00,178.8600,178.8600,178.8600,178.8600,2002
2025-10-07T10:39:00+00:00,178.9100,178.9100,178.9100,178.9100,477
2025-10-07T10:41:00+00:00,178.7700,178.7500,178.7500,178.7800,1724
2025-10-07T10:44:00+00:00,178.7500,178.7500,178.7500,178.7500,834
2025-10-07T10:45:00+00:00,178.7900,178.8100,178.7900,178.8100,657
2025-10-07T10:48:00+00:00,178.7500,178.7500,178.7500,178.7500,636
2025-10-07T10:49:00+00:00,178.8100,178.8100,178.8100,178.8100,433
2025-10-07T10:50:00+00:00,178.9100,178.8400,178.8400,178.9100,961
2025-10-07T10:51:00+00:00,178.8400,178.8400,178.8400,178.8400,827
2025-10-07T10:52:00+00:00,178.8200,178.8200,178.8200,178.8200,1047
2025-10-07T10:54:00+00:00,178.8900,178.8800,178.8800,178.8900,913
2025-10-07T10:55:00+00:00,178.9100,178.8800,178.8800,178.9100,1478
2025-10-07T10:58:00+00:00,178.7900,178.7900,178.7900,178.7900,1122
2025-10-07T11:00:00+00:00,178.8500,178.8500,178.8500,178.8500,1724
2025-10-07T11:01:00+00:00,178.8800,178.8900,178.8800,178.8900,1138
2025-10-07T11:02:00+00:00,178.8200,178.7500,178.7500,178.8200,1921
2025-10-07T11:05:00+00:00,178.7500,178.6600,178.6600,178.7500,3281
2025-10-07T11:06:00+00:00,178.6700,178.7000,178.6300,178.7000,1141
2025-10-07T11:07:00+00:00,178.7300,178.6900,178.6900,178.7300,2203
2025-10-07T11:09:00+00:00,178.6900,178.7500,178.6900,178.7500,4233
2025-10-07T11:10:00+00:00,178.7200,178.7000,178.7000,178.7300,3080
2025-10-07T11:11:00+00:00,178.7000,178.7800,178.7000,178.7800,1807
2025-10-07T11:13:00+00:00,178.8400,178.8400,178.8400,178.8400,1371
2025-10-07T11:14:00+00:00,178.8700,178.8800,178.8700,178.8800,1526
2025-10-07T11:15:00+00:00,178.8500,178.8000,178.8000,178.8500,1232
2025-10-07T11:16:00+00:00,178.9000,178.9000,178.9000,178.9000,616
2025-10-07T11:18:00+00:00,178.8500,178.8000,178.8000,178.8500,3370
2025-10-07T11:20:00+00:00,178.7600,178.7600,178.7600,178.7600,530
2025-10-07T11:21:00+00:00,178.8000,178.8000,178.8000,178.8000,1030
2025-10-07T11:22:00+00:00,178.8800,178.8600,178.8600,178.8800,807
2025-10-07T11:24:00+00:00,178.8300,178.8300,178.8300,178.8300,366
2025-10-07T11:25:00+00:00,178.8600,178.8600,178.8600,178.8600,323
2025-10-07T11:26:00+00:00,178.8600,178.9300,178.8600,178.9500,1002
2025-10-07T11:28:00+00:00,179.0000,179.0800,179.0000,179.0800,1180
2025-10-07T11:33:00+00:00,179.1200,179.1200,179.1200,179.1200,1129
2025-10-07T11:34:00+00:00,179.1000,179.0500,179.0500,179.1000,2809
2025-10-07T11:35:00+00:00,179.0800,179.1500,179.0800,179.1500,1445
2025-10-07T11:38:00+00:00,179.0900,179.1000,179.0900,179.1000,529
2025-10-07T11:39:00+00:00,179.0600,179.0600,179.0600,179.0600,443
2025-10-07T11:40:00+00:00,179.0900,179.1000,179.0900,179.1000,735
2025-10-07T11:41:00+00:00,179.1100,179.1100,179.1000,179.1200,1040
2025-10-07T11:42:00+00:00,179.0500,179.0000,179.0000,179.0500,6628
2025-10-07T11:43:00+00:00,178.9000,178.9000,178.9000,178.9000,2138
2025-10-07T11:47:00+00:00,178.9900,179.0400,178.9900,179.0400,2112
2025-10-07T11:48:00+00:00,179.0200,179.0200,179.0200,179.0200,303
2025-10-07T11:49:00+00:00,179.0500,179.1000,179.0500,179.1000,1737
2025-10-07T11:50:00+00:00,179.0800,179.1000,179.0800,179.1000,979
2025-10-07T11:51:00+00:00,179.0700,179.1200,179.0500,179.1200,1168
2025-10-07T11:52:00+00:00,179.1300,179.1800,179.1300,179.1800,1861
2025-10-07T11:53:00+00:00,179.2300,179.2500,179.2300,179.2500,2204
2025-10-07T11:55:00+00:00,179.2100,179.2400,179.2100,179.2400,631
2025-10-07T11:56:00+00:00,179.2400,179.2500,179.2400,179.2500,1281
2025-10-07T11:57:00+00:00,179.2500,179.2800,179.2500,179.2800,1068
2025-10-07T11:58:00+00:00,179.3100,179.4000,179.3100,179.4000,2210
2025-10-07T11:59:00+00:00,179.4900,179.4700,179.4700,179.5000,3644
2025-10-07T12:00:00+00:00,178.7000,179.4299,178.1000,179.5500,123677
2025-10-07T12:01:00+00:00,179.4200,179.3300,179.3300,179.4200,5011
2025-10-07T12:02:00+00:00,179.3000,179.2300,179.2300,179.3200,3465
2025-10-07T12:03:00+00:00,179.2317,179.2302,179.2302,179.2317,1080
2025-10-07T12:04:00+00:00,178.9100,179.2500,178.9100,179.4100,2794
2025-10-07T12:05:00+00:00,179.2300,179.2000,179.2000,179.2300,2730
2025-10-07T12:06:00+00:00,179.2440,179.2800,179.2019,179.2800,2587
2025-10-07T12:07:00+00:00,179.2700,179.3600,179.2700,179.3600,1378
2025-10-07T12:08:00+00:00,179.3000,179.2523,179.2523,179.3000,852
2025-10-07T12:09:00+00:00,179.3499,179.3100,179.3100,179.3499,2107
2025-10-07T12:10:00+00:00,179.3100,179.3100,179.2300,179.3235,3033
2025-10-07T12:11:00+00:00,179.3200,179.2600,179.2600,179.3200,771
2025-10-07T12:12:00+00:00,179.3000,179.2800,179.2800,179.3300,1479
2025-10-07T12:13:00+00:00,179.2500,179.3000,179.2400,179.3300,8325
2025-10-07T12:14:00+00:00,179.3000,179.3200,179.3000,179.3200,1692
2025-10-07T12:15:00+00:00,179.3300,179.4648,179.3300,179.5000,5883
2025-10-07T12:16:00+00:00,179.5699,179.5900,179.5699,179.5900,1379
2025-10-07T12:17:00+00:00,179.6178,179.6500,179.6178,179.7455,6030
2025-10-07T12:18:00+00:00,179.6800,179.6800,179.6500,179.7000,3854
2025-10-07T12:19:00+00:00,179.6800,179.7700,179.6800,179.8000,4739
2025-10-07T12:20:00+00:00,179.7400,179.7300,179.6900,179.7400,4136
2025-10-07T12:21:00+00:00,179.7500,179.8600,179.7500,179.8700,2593
2025-10-07T12:22:00+00:00,179.8600,179.8700,179.8400,179.8700,1621
2025-10-07T12:23:00+00:00,179.8800,179.8135,179.7500,179.8800,4483
2025-10-07T12:24:00+00:00,179.8000,179.8000,179.8000,179.8000,938
2025-10-07T12:25:00+00:00,179.7989,179.8300,179.7989,179.8300,2311
2025-10-07T12:26:00+00:00,179.8700,179.8500,179.8438,179.8700,3387
2025-10-07T12:27:00+00:00,179.8000,179.9000,179.8000,179.9000,5377
2025-10-07T12:28:00+00:00,179.9000,180.0200,179.9000,180.0200,13351
2025-10-07T12:29:00+00:00,180.0400,179.9200,179.9200,180.0600,6193
2025-10-07T12:30:00+00:00,179.8300,179.8600,179.8300,179.8700,2794
2025-10-07T12:31:00+00:00,179.8907,179.8948,179.8907,179.9007,1388
2025-10-07T12:32:00+00:00,179.9000,179.9999,179.9000,180.0000,2692
2025-10-07T12:33:00+00:00,179.9204,179.9406,179.9000,180.0000,3415
2025-10-07T12:34:00+00:00,179.9435,179.9000,179.8900,179.9435,1324
2025-10-07T12:35:00+00:00,179.9469,179.7916,179.7916,179.9469,7071
2025-10-07T12:36:00+00:00,179.9100,179.7900,179.7900,179.9100,1843
2025-10-07T12:37:00+00:00,179.7975,179.8300,179.7900,179.8482,2747
2025-10-07T12:38:00+00:00,179.7600,179.7600,179.7518,179.8000,2420
2025-10-07T12:39:00+00:00,179.7803,179.7075,179.7075,179.7803,7687
2025-10-07T12:40:00+00:00,179.7500,179.7700,179.7000,179.7700,3151
2025-10-07T12:41:00+00:00,179.7800,179.8300,179.7800,179.8300,1855
2025-10-07T12:42:00+00:00,179.7810,179.9890,179.7810,180.0000,9512
2025-10-07T12:43:00+00:00,179.9900,180.0700,179.8592,180.0700,8318
2025-10-07T12:44:00+00:00,180.1200,180.1500,180.0878,180.2000,6658
2025-10-07T12:45:00+00:00,180.1500,180.1500,180.1100,180.1885,2357
2025-10-07T12:46:00+00:00,180.0172,179.9750,179.9100,180.1000,5694
2025-10-07T12:47:00+00:00,179.9800,180.1700,179.9800,180.1700,24462
2025-10-07T12:48:00+00:00,180.1810,180.1700,180.1700,180.2300,5254
2025-10-07T12:49:00+00:00,180.1600,180.0430,180.0234,180.2400,4389
2025-10-07T12:50:00+00:00,180.1500,180.2400,180.1500,180.2500,3479
2025-10-07T12:51:00+00:00,180.3000,180.2992,180.2905,180.3600,3094
2025-10-07T12:52:00+00:00,180.3700,180.3500,180.3308,180.3900,2959
2025-10-07T12:53:00+00:00,180.3800,180.4000,180.3600,180.4200,6565
2025-10-07T12:54:00+00:00,180.3800,180.3300,180.3300,180.4000,3824
2025-10-07T12:55:00+00:00,180.3300,180.3900,180.3300,180.4155,3011
2025-10-07T12:56:00+00:00,180.3700,180.3300,180.3300,180.4900,12171
2025-10-07T12:57:00+00:00,180.3800,180.3800,180.3800,180.4400,2244
2025-10-07T12:58:00+00:00,180.3400,180.4300,180.3000,180.4400,7440
2025-10-07T12:59:00+00:00,180.3000,180.3900,180.3000,180.4300,2103
2025-10-07T13:00:00+00:00,180.3800,180.3782,180.3000,180.4100,3745
2025-10-07T13:01:00+00:00,180.2600,180.3600,180.2600,180.4100,4040
2025-10-07T13:02:00+00:00,180.3900,180.4900,180.3900,180.4900,9748
2025-10-07T13:03:00+00:00,180.4500,180.4500,180.3602,180.4500,9676
2025-10-07T13:04:00+00:00,180.5000,180.4600,180.4300,180.5200,6752
2025-10-07T13:05:00+00:00,180.4600,180.4060,180.4060,180.4990,4507
2025-10-07T13:06:00+00:00,180.4000,180.5000,180.3700,180.5000,8713
2025-10-07T13:07:00+00:00,180.5100,180.7000,180.4841,180.7000,6153
2025-10-07T13:08:00+00:00,180.7091,180.6700,180.6200,180.7500,8422
2025-10-07T13:09:00+00:00,180.6700,180.6100,180.6018,180.6700,4823
2025-10-07T13:10:00+00:00,180.6600,180.6938,180.5500,180.6938,5376
2025-10-07T13:11:00+00:00,180.6992,180.7500,180.6200,180.8500,11320
2025-10-07T13:12:00+00:00,180.7500,180.7000,180.7000,180.8800,12404
2025-10-07T13:13:00+00:00,180.7100,180.6300,180.6300,180.7498,4779
2025-10-07T13:14:00+00:00,180.5800,180.4400,180.4400,180.6300,11477
2025-10-07T13:15:00+00:00,180.4400,180.4000,180.4000,180.5000,4297
2025-10-07T13:16:00+00:00,180.4700,180.3700,180.3700,180.4800,3422
2025-10-07T13:17:00+00:00,180.3739,180.3954,180.3626,180.4000,2540
2025-10-07T13:18:00+00:00,180.3805,180.4000,180.3365,180.4300,4805
2025-10-07T13:19:00+00:00,180.4000,180.3300,180.3300,180.4500,5226
2025-10-07T13:20:00+00:00,180.3300,180.3500,180.3300,180.3900,8190
2025-10-07T13:21:00+00:00,180.3000,180.4399,180.3000,180.4399,4694
2025-10-07T13:22:00+00:00,180.4168,180.3200,180.3110,180.4200,2103
2025-10-07T13:23:00+00:00,180.3630,180.3700,180.3100,180.4000,2864
2025-10-07T13:24:00+00:00,180.3400,180.3998,180.3001,180.4152,4992
2025-10-07T13:25:00+00:00,180.3100,180.2100,180.2000,180.3100,4181
2025-10-07T13:26:00+00:00,180.2500,180.2200,180.2200,180.2619,1923
2025-10-07T13:27:00+00:00,180.2500,180.1500,180.0800,180.2586,9818
2025-10-07T13:28:00+00:00,180.2200,180.1000,180.1000,180.2400,3495
2025-10-07T13:29:00+00:00,180.1500,180.1500,180.0300,180.1700,3592
2025-10-07T13:30:00+00:00,180.3100,180.7467,180.0111,181.2800,665244
2025-10-07T13:31:00+00:00,180.6900,181.0500,180.2200,181.3176,347368
2025-10-07T13:32:00+00:00,181.1000,180.9434,180.7975,181.4800,228033
2025-10-07T13:33:00+00:00,180.9000,180.8760,180.7500,181.3500,235309
2025-10-07T13:34:00+00:00,180.9000,180.9600,180.5400,181.0000,302802
2025-10-07T13:35:00+00:00,180.9300,181.9700,180.7800,182.0200,527594
2025-10-07T13:36:00+00:00,182.0000,182.3300,181.8700,182.8800,609238
2025-10-07T13:37:00+00:00,182.3200,182.4000,182.0600,182.6100,311925
2025-10-07T13:38:00+00:00,182.4075,182.6901,182.1500,182.7066,261089
2025-10-07T13:39:00+00:00,182.6900,183.2150,182.6300,183.2260,583222
2025-10-07T13:40:00+00:00,183.2150,183.9200,183.1000,183.9900,549580
2025-10-07T13:41:00+00:00,183.9145,184.0094,183.6800,184.2900,584389
2025-10-07T13:42:00+00:00,184.0200,183.9850,183.6702,184.1900,296972
2025-10-07T13:43:00+00:00,184.0200,184.3400,183.6000,184.4000,438041
2025-10-07T13:44:00+00:00,184.3300,184.5200,184.1600,184.6500,411654
2025-10-07T13:45:00+00:00,184.5500,184.0500,183.9000,184.6500,343374
2025-10-07T13:46:00+00:00,184.0750,184.0800,183.7000,184.2400,253245
2025-10-07T13:47:00+00:00,184.0700,183.8800,183.6500,184.2800,271293
2025-10-07T13:48:00+00:00,183.8729,183.9910,183.7900,184.2300,240461
2025-10-07T13:49:00+00:00,183.9800,183.6000,183.3800,184.0200,309516
2025-10-07T13:50:00+00:00,183.6200,183.2600,183.1200,183.6601,221782
2025-10-07T13:51:00+00:00,183.2900,183.8141,183.2900,183.8500,199879
2025-10-07T13:52:00+00:00,183.8100,184.3400,183.6550,184.4200,337952
2025-10-07T13:53:00+00:00,184.3690,184.3500,184.1050,184.4400,236004
2025-10-07T13:54:00+00:00,184.3100,184.5436,184.1100,184.5900,255763
2025-10-07T13:55:00+00:00,184.5200,184.9050,184.5200,185.0500,651553
2025-10-07T13:56:00+00:00,184.9000,184.9000,184.7500,185.0700,204756
2025-10-07T13:57:00+00:00,184.9350,185.2300,184.6400,185.2700,365184
2025-10-07T13:58:00+00:00,185.2400,184.8799,184.6400,185.3010,313226
2025-10-07T13:59:00+00:00,184.8650,185.0300,184.7000,185.0500,183843
2025-10-07T14:00:00+00:00,185.0500,185.4900,184.9900,185.5599,404334
2025-10-07T14:01:00+00:00,185.4900,185.8145,185.4600,186.0937,677570
2025-10-07T14:02:00+00:00,185.8300,185.4568,185.3400,185.9000,296018
2025-10-07T14:03:00+00:00,185.4500,184.9447,184.8220,185.7200,302182
2025-10-07T14:04:00+00:00,184.9499,184.6500,184.6000,185.0200,211932
2025-10-07T14:05:00+00:00,184.6400,184.7950,184.5500,184.8600,228897
2025-10-07T14:06:00+00:00,184.7800,185.3727,184.5300,185.3727,268403
2025-10-07T14:07:00+00:00,185.3799,185.3100,185.0000,185.4525,265137
2025-10-07T14:08:00+00:00,185.3500,185.2250,185.0100,185.3800,168035
2025-10-07T14:09:00+00:00,185.1800,185.3328,185.1600,185.5700,224154
2025-10-07T14:10:00+00:00,185.3400,185.6350,185.3001,185.8000,196021
2025-10-07T14:11:00+00:00,185.6300,185.7876,185.4700,186.0400,335755
2025-10-07T14:12:00+00:00,185.7850,185.9048,185.6501,186.0300,172593
2025-10-07T14:13:00+00:00,185.9100,185.8300,185.5950,186.1200,284758
2025-10-07T14:14:00+00:00,185.8200,185.1100,185.0800,185.8500,266275
2025-10-07T14:15:00+00:00,185.1400,185.0400,184.9600,185.3100,197377
2025-10-07T14:16:00+00:00,185.0400,185.1700,185.0000,185.4200,154303
2025-10-07T14:17:00+00:00,185.1600,184.9818,184.8400,185.1899,156050
2025-10-07T14:18:00+00:00,185.0300,184.9807,184.9210,185.3000,170145
2025-10-07T14:19:00+00:00,184.9600,185.1400,184.9600,185.3255,105300
2025-10-07T14:20:00+00:00,185.1500,185.0300,184.8501,185.2600,135025
2025-10-07T14:21:00+00:00,185.0000,184.4648,184.4500,185.0400,169483
2025-10-07T14:22:00+00:00,184.4750,184.6750,184.3601,184.6900,172906
2025-10-07T14:23:00+00:00,184.6600,184.7000,184.6400,184.9500,130824
2025-10-07T14:24:00+00:00,184.7009,184.5100,184.4689,184.7100,127233
2025-10-07T14:25:00+00:00,184.5000,184.7650,184.4500,184.7990,102865
2025-10-07T14:26:00+00:00,184.7500,185.2400,184.7001,185.3550,169812
2025-10-07T14:27:00+00:00,185.2400,184.9893,184.8590,185.3100,171317
2025-10-07T14:28:00+00:00,184.9700,185.1750,184.9300,185.2300,91777
2025-10-07T14:29:00+00:00,185.1900,185.2900,184.9109,185.3200,108598
2025-10-07T14:30:00+00:00,185.3000,185.4707,185.2800,185.6700,264718
2025-10-07T14:31:00+00:00,185.4650,185.8250,185.4300,185.8800,164949
2025-10-07T14:32:00+00:00,185.8000,185.6250,185.6000,186.1800,323275
2025-10-07T14:33:00+00:00,185.6400,185.6000,185.4200,185.7400,145158
2025-10-07T14:34:00+00:00,185.6100,185.8300,185.5200,185.9500,183570
2025-10-07T14:35:00+00:00,185.8300,184.9750,184.9200,185.8300,180760
2025-10-07T14:36:00+00:00,185.0000,184.7100,184.6400,185.1299,184267
2025-10-07T14:37:00+00:00,184.7057,184.7800,184.5200,184.8700,141312
2025-10-07T14:38:00+00:00,184.7800,184.7452,184.4200,184.8900,141246
2025-10-07T14:39:00+00:00,184.7550,184.7767,184.5301,184.8400,88880
2025-10-07T14:40:00+00:00,184.8115,184.6000,184.5800,184.9000,95292
2025-10-07T14:41:00+00:00,184.5900,184.6500,184.5900,184.9000,102522
2025-10-07T14:42:00+00:00,184.6500,184.5750,184.5100,184.8000,104072
2025-10-07T14:43:00+00:00,184.6000,184.6600,184.5300,184.7400,72188
2025-10-07T14:44:00+00:00,184.6799,184.8200,184.4700,184.8500,132643
2025-10-07T14:45:00+00:00,184.8200,185.1865,184.8200,185.3600,204873
2025-10-07T14:46:00+00:00,185.2000,185.3750,185.0600,185.3900,139211
2025-10-07T14:47:00+00:00,185.3700,185.4300,185.2100,185.5300,175291
2025-10-07T14:48:00+00:00,185.4069,185.5055,185.3000,185.5500,132863
2025-10-07T14:49:00+00:00,185.4800,185.0350,184.9591,185.5300,132270
2025-10-07T14:50:00+00:00,185.0350,184.9650,184.6235,185.1309,122992
2025-10-07T14:51:00+00:00,184.9700,185.0000,184.8000,185.1700,114930
2025-10-07T14:52:00+00:00,184.9800,184.9115,184.8667,185.4600,116188
2025-10-07T14:53:00+00:00,184.9150,185.1050,184.6500,185.1599,121508
2025-10-07T14:54:00+00:00,185.1225,185.0188,184.9521,185.4950,136147
2025-10-07T14:55:00+00:00,185.0000,184.9548,184.8500,185.1155,67658
2025-10-07T14:56:00+00:00,184.9400,184.9138,184.6800,185.0800,85914
2025-10-07T14:57:00+00:00,184.9059,185.1350,184.8500,185.1350,95169
2025-10-07T14:58:00+00:00,185.1600,185.1750,185.0000,185.2431,71677
2025-10-07T14:59:00+00:00,185.1400,185.0600,185.0000,185.2250,78586
2025-10-07T15:00:00+00:00,185.0700,185.1700,184.9000,185.2096,147322
2025-10-07T15:01:00+00:00,185.1750,184.8600,184.5900,185.1750,145378
2025-10-07T15:02:00+00:00,184.8950,184.3700,184.3300,184.9563,193426
2025-10-07T15:03:00+00:00,184.3800,184.0200,183.9200,184.4650,251924
2025-10-07T15:04:00+00:00,184.0200,183.6950,183.5200,184.1300,190329
2025-10-07T15:05:00+00:00,183.7100,182.9400,182.8200,183.8100,332610
2025-10-07T15:06:00+00:00,182.9100,182.9162,182.6700,183.0800,237825
2025-10-07T15:07:00+00:00,182.8800,182.7825,182.5200,183.1955,309272
2025-10-07T15:08:00+00:00,182.7500,182.5550,182.3700,183.0399,333742
2025-10-07T15:09:00+00:00,182.6200,181.9200,181.7700,182.8400,357347
2025-10-07T15:10:00+00:00,181.8500,182.3150,181.8300,182.3900,337119
2025-10-07T15:11:00+00:00,182.3300,183.2874,182.3300,183.5399,334012
2025-10-07T15:12:00+00:00,183.3000,182.9750,182.8318,183.3500,183625
2025-10-07T15:13:00+00:00,182.9700,182.9001,182.7800,183.2300,158804
2025-10-07T15:14:00+00:00,182.9600,183.1250,182.9600,183.2245,100104
2025-10-07T15:15:00+00:00,183.1250,182.5900,182.5350,183.1250,172629
2025-10-07T15:16:00+00:00,182.5700,182.4400,182.4000,182.7000,187892
2025-10-07T15:17:00+00:00,182.4200,182.5500,182.3290,182.8500,127432
2025-10-07T15:18:00+00:00,182.5500,182.2270,182.0601,182.5600,185897
2025-10-07T15:19:00+00:00,182.2221,182.2400,181.9700,182.4100,197131
2025-10-07T15:20:00+00:00,182.2400,182.3400,181.9900,182.6700,143669
2025-10-07T15:21:00+00:00,182.3200,182.0112,181.9900,182.4400,107797
2025-10-07T15:22:00+00:00,182.0093,181.8683,181.5701,182.0806,231383
2025-10-07T15:23:00+00:00,181.9183,181.9600,181.7500,182.0700,103213
2025-10-07T15:24:00+00:00,181.9306,181.6600,181.6001,181.9306,123552
2025-10-07T15:25:00+00:00,181.6800,181.6589,181.6201,181.9100,106130
2025-10-07T15:26:00+00:00,181.6650,181.4015,181.2700,181.6900,199595
2025-10-07T15:27:00+00:00,181.3600,181.2500,181.1300,181.5800,158976
2025-10-07T15:28:00+00:00,181.2700,181.0330,180.9000,181.3554,152008
2025-10-07T15:29:00+00:00,181.0100,180.9600,180.7660,181.0494,154314
2025-10-07T15:30:00+00:00,180.9480,180.6000,180.5501,181.0750,159383
2025-10-07T15:31:00+00:00,180.6104,180.4400,180.3001,180.8938,220086
2025-10-07T15:32:00+00:00,180.3900,180.1600,180.0800,180.4800,205737
2025-10-07T15:33:00+00:00,180.1800,180.2600,180.0400,180.3200,155794
2025-10-07T15:34:00+00:00,180.3000,180.1200,180.0800,180.5000,197208
2025-10-07T15:35:00+00:00,180.1500,180.1100,179.8400,180.5000,377938
2025-10-07T15:36:00+00:00,180.1000,179.8900,179.8200,180.2600,188486
2025-10-07T15:37:00+00:00,179.8900,179.9200,179.7000,179.9700,164720
2025-10-07T15:38:00+00:00,179.9100,179.8000,179.6600,180.0100,128919
2025-10-07T15:39:00+00:00,179.8000,179.8093,179.5300,179.8852,141170
2025-10-07T15:40:00+00:00,179.8411,179.9600,179.5553,180.0400,135443
2025-10-07T15:41:00+00:00,179.9600,180.4429,179.8900,180.6100,287911
2025-10-07T15:42:00+00:00,180.4300,180.6100,180.3800,180.8300,207108
2025-10-07T15:43:00+00:00,180.6200,180.8674,180.5000,180.9900,160959
2025-10-07T15:44:00+00:00,180.8850,180.5150,180.4368,180.8900,147459
2025-10-07T15:45:00+00:00,180.5350,180.3300,180.2501,180.5700,100736
2025-10-07T15:46:00+00:00,180.3400,180.4100,180.2100,180.6000,162921
2025-10-07T15:47:00+00:00,180.4200,179.7662,179.7205,180.5590,200917
2025-10-07T15:48:00+00:00,179.7301,179.6985,179.4201,179.8100,269078
2025-10-07T15:49:00+00:00,179.7203,179.7000,179.5600,179.8900,106627
2025-10-07T15:50:00+00:00,179.6701,179.6300,179.5607,180.0100,148579
2025-10-07T15:51:00+00:00,179.6200,180.2200,179.6000,180.2854,147854
2025-10-07T15:52:00+00:00,180.2351,180.6600,180.0600,180.6999,162987
2025-10-07T15:53:00+00:00,180.6700,180.7100,180.5901,180.8800,170566
2025-10-07T15:54:00+00:00,180.7350,180.6200,180.4000,180.8000,147127
2025-10-07T15:55:00+00:00,180.6400,180.4485,180.3500,180.6450,58560
2025-10-07T15:56:00+00:00,180.4700,181.1799,180.4700,181.1799,169201
2025-10-07T15:57:00+00:00,181.1620,181.5200,181.0693,181.5400,179720
2025-10-07T15:58:00+00:00,181.5000,181.5900,181.4000,181.6100,143796
2025-10-07T15:59:00+00:00,181.5900,181.8501,181.5800,181.9500,145431
2025-10-07T16:00:00+00:00,181.9100,182.3650,181.8100,182.3900,205072
2025-10-07T16:01:00+00:00,182.3500,182.5900,182.3500,182.6600,162165
2025-10-07T16:02:00+00:00,182.5800,182.4800,182.3501,182.7500,208911
2025-10-07T16:03:00+00:00,182.4826,182.5095,182.2000,182.5900,196175
2025-10-07T16:04:00+00:00,182.4600,182.7132,182.4285,182.8700,148927
2025-10-07T16:05:00+00:00,182.6700,182.7329,182.5600,182.8373,104624
2025-10-07T16:06:00+00:00,182.7400,182.3000,182.2100,182.8000,156466
2025-10-07T16:07:00+00:00,182.2872,182.3250,182.0200,182.3989,160675
2025-10-07T16:08:00+00:00,182.3150,182.2500,182.0923,182.3800,121284
2025-10-07T16:09:00+00:00,182.2186,182.7031,182.2186,182.7150,137355
2025-10-07T16:10:00+00:00,182.7000,182.4000,182.3100,182.7550,102721
2025-10-07T16:11:00+00:00,182.3950,182.6110,182.3185,182.6400,86206
2025-10-07T16:12:00+00:00,182.6250,182.5794,182.5100,182.7500,62696
2025-10-07T16:13:00+00:00,182.6300,182.5200,182.4500,182.7000,97217
2025-10-07T16:14:00+00:00,182.4900,182.4950,182.3600,182.5600,51283
2025-10-07T16:15:00+00:00,182.4800,182.9800,182.4800,183.0685,193995
2025-10-07T16:16:00+00:00,182.9800,182.6600,182.6500,183.0400,107101
2025-10-07T16:17:00+00:00,182.7364,182.8700,182.5700,183.0300,91272
2025-10-07T16:18:00+00:00,182.8200,182.7550,182.7000,182.8600,55505
2025-10-07T16:19:00+00:00,182.7600,182.7601,182.6300,182.8500,60671
2025-10-07T16:20:00+00:00,182.7100,183.0366,182.7100,183.1900,126459
2025-10-07T16:21:00+00:00,183.0550,183.5300,183.0485,183.5900,177591
2025-10-07T16:22:00+00:00,183.5330,183.2400,183.1800,183.5500,158895
2025-10-07T16:23:00+00:00,183.2400,183.5900,183.2082,183.6288,106162
2025-10-07T16:24:00+00:00,183.6100,183.5900,183.5400,183.8300,180110
2025-10-07T16:25:00+00:00,183.6095,183.6100,183.5600,183.7350,103573
2025-10-07T16:26:00+00:00,183.6000,184.0201,183.5700,184.0600,178425
2025-10-07T16:27:00+00:00,184.0200,183.9299,183.8701,184.1315,152768
2025-10-07T16:28:00+00:00,183.9050,183.8400,183.7500,184.0000,113810
2025-10-07T16:29:00+00:00,183.8700,183.9252,183.7901,183.9900,93290
2025-10-07T16:30:00+00:00,183.9200,184.2799,183.8600,184.3500,157977
2025-10-07T16:31:00+00:00,184.2800,184.0908,184.0503,184.4300,138458
2025-10-07T16:32:00+00:00,184.0950,184.3250,184.0773,184.3400,60376
2025-10-07T16:33:00+00:00,184.3200,184.4527,184.2800,184.4800,101985
2025-10-07T16:34:00+00:00,184.4300,184.7400,184.4300,184.9300,219475
2025-10-07T16:35:00+00:00,184.7600,184.7100,184.6000,184.8500,137121
2025-10-07T16:36:00+00:00,184.7000,184.8237,184.6000,184.8800,143177
2025-10-07T16:37:00+00:00,184.8300,185.1163,184.8300,185.2400,279879
2025-10-07T16:38:00+00:00,185.1200,185.1000,184.8950,185.2000,152477
2025-10-07T16:39:00+00:00,185.1000,184.9800,184.9200,185.1600,121220
2025-10-07T16:40:00+00:00,184.9800,184.8458,184.7500,185.0400,134815
2025-10-07T16:41:00+00:00,184.8201,184.7500,184.5000,184.9000,167656
2025-10-07T16:42:00+00:00,184.7426,184.6512,184.5200,184.7600,101685
2025-10-07T16:43:00+00:00,184.6611,184.6800,184.4700,184.7300,101099
2025-10-07T16:44:00+00:00,184.6800,184.6900,184.6100,184.8260,100324
2025-10-07T16:45:00+00:00,184.7000,184.6100,184.6100,184.8289,86660
2025-10-07T16:46:00+00:00,184.6008,184.8000,184.5250,184.8400,84239
2025-10-07T16:47:00+00:00,184.8400,184.7811,184.7050,184.8615,98291
2025-10-07T16:48:00+00:00,184.8000,184.8800,184.6201,184.8900,80812
2025-10-07T16:49:00+00:00,184.8750,184.6200,184.5700,184.9500,117963
2025-10-07T16:50:00+00:00,184.5900,184.8500,184.5868,184.8799,66349
2025-10-07T16:51:00+00:00,184.8600,184.8586,184.7600,185.0800,172173
2025-10-07T16:52:00+00:00,184.8401,184.8601,184.7525,184.9127,71783
2025-10-07T16:53:00+00:00,184.8900,184.7600,184.6785,184.9000,66527
2025-10-07T16:54:00+00:00,184.7700,184.5639,184.5300,184.7900,100202
2025-10-07T16:55:00+00:00,184.5800,184.6000,184.4600,184.7000,73945
2025-10-07T16:56:00+00:00,184.6000,184.3750,184.3089,184.6000,80426
2025-10-07T16:57:00+00:00,184.3600,184.1000,184.1000,184.4200,103697
2025-10-07T16:58:00+00:00,184.1150,184.0700,184.0100,184.1907,96296
2025-10-07T16:59:00+00:00,184.0401,184.1368,184.0401,184.2700,85833
2025-10-07T17:00:00+00:00,184.1150,184.1100,184.0100,184.2000,67417
2025-10-07T17:01:00+00:00,184.1300,184.0369,184.0298,184.3499,86422
2025-10-07T17:02:00+00:00,184.0400,184.2000,184.0260,184.3100,75270
2025-10-07T17:03:00+00:00,184.1800,184.5400,184.0500,184.5799,94728
2025-10-07T17:04:00+00:00,184.5250,184.2240,184.1900,184.6000,80790
2025-10-07T17:05:00+00:00,184.2500,183.9417,183.8500,184.2800,90543
2025-10-07T17:06:00+00:00,183.9700,183.9700,183.9000,184.1600,73811
2025-10-07T17:07:00+00:00,184.0100,183.8300,183.7500,184.0700,89465
2025-10-07T17:08:00+00:00,183.8200,183.7601,183.7601,183.8900,57072
2025-10-07T17:09:00+00:00,183.7750,184.0001,183.7750,184.0800,98575
2025-10-07T17:10:00+00:00,184.0001,183.9600,183.8600,184.0300,49528
2025-10-07T17:11:00+00:00,183.9500,183.9284,183.7600,184.0500,59679
2025-10-07T17:12:00+00:00,183.9450,183.4950,183.4700,183.9450,93753
2025-10-07T17:13:00+00:00,183.4950,183.4924,183.4300,183.5700,96456
2025-10-07T17:14:00+00:00,183.5101,183.6500,183.4900,183.7100,51830
2025-10-07T17:15:00+00:00,183.6700,183.5499,183.5200,183.7400,66467
2025-10-07T17:16:00+00:00,183.5500,183.7309,183.5201,183.8190,45538
2025-10-07T17:17:00+00:00,183.7331,183.8500,183.6850,183.9300,63000
2025-10-07T17:18:00+00:00,183.8500,183.8700,183.8100,183.9350,39377
2025-10-07T17:19:00+00:00,183.8700,183.8500,183.7200,183.9300,76933
2025-10-07T17:20:00+00:00,183.8200,184.0634,183.7700,184.0900,54251
2025-10-07T17:21:00+00:00,184.0550,184.2050,184.0116,184.2890,91787
2025-10-07T17:22:00+00:00,184.2054,184.2200,184.1549,184.2700,71613
2025-10-07T17:23:00+00:00,184.2297,184.4105,184.1700,184.4105,72768
2025-10-07T17:24:00+00:00,184.4100,184.2350,184.1600,184.5312,101018
2025-10-07T17:25:00+00:00,184.2325,184.0601,183.9600,184.2700,88214
2025-10-07T17:26:00+00:00,184.1000,183.9632,183.9340,184.1700,48294
2025-10-07T17:27:00+00:00,183.9500,183.9252,183.8301,183.9800,51753
2025-10-07T17:28:00+00:00,183.9000,183.9500,183.7300,183.9900,68709
2025-10-07T17:29:00+00:00,183.9693,184.0378,183.9000,184.0900,56429
2025-10-07T17:30:00+00:00,184.0199,183.9301,183.9100,184.1000,56919
2025-10-07T17:31:00+00:00,183.9422,183.9000,183.8100,184.0050,45321
2025-10-07T17:32:00+00:00,183.8900,183.6700,183.5700,183.9200,130097
2025-10-07T17:33:00+00:00,183.6800,183.6400,183.6000,183.7500,57477
2025-10-07T17:34:00+00:00,183.6200,183.5527,183.5300,183.6700,40641
2025-10-07T17:35:00+00:00,183.5600,183.7000,183.5201,183.7000,51099
2025-10-07T17:36:00+00:00,183.6800,183.7700,183.5100,183.7700,55488
2025-10-07T17:37:00+00:00,183.7799,183.6300,183.6200,183.7799,45257
2025-10-07T17:38:00+00:00,183.6450,183.6800,183.6000,183.7600,59263
2025-10-07T17:39:00+00:00,183.6600,183.8950,183.6200,183.9602,72606
2025-10-07T17:40:00+00:00,183.9300,183.4300,183.3800,183.9600,124434
2025-10-07T17:41:00+00:00,183.4100,183.5900,183.4000,183.6300,69217
2025-10-07T17:42:00+00:00,183.5912,183.5900,183.4500,183.6400,53755
2025-10-07T17:43:00+00:00,183.5700,183.5900,183.5100,183.6900,38324
2025-10-07T17:44:00+00:00,183.6000,183.6126,183.5400,183.7200,51245
2025-10-07T17:45:00+00:00,183.6000,183.7574,183.5150,183.7574,48074
2025-10-07T17:46:00+00:00,183.7600,183.9500,183.7300,183.9799,62617
2025-10-07T17:47:00+00:00,183.9500,184.0900,183.8600,184.1000,73350
2025-10-07T17:48:00+00:00,184.0900,184.1260,184.0000,184.1400,79567
2025-10-07T17:49:00+00:00,184.1100,184.1500,184.0888,184.2200,60549
2025-10-07T17:50:00+00:00,184.1300,183.6748,183.6100,184.1600,89119
2025-10-07T17:51:00+00:00,183.7115,183.7250,183.6500,183.8200,55137
2025-10-07T17:52:00+00:00,183.7200,183.5800,183.5614,183.7700,41615
2025-10-07T17:53:00+00:00,183.6000,183.6750,183.5591,183.7300,37454
2025-10-07T17:54:00+00:00,183.6501,183.6800,183.6023,183.7236,32848
2025-10-07T17:55:00+00:00,183.6176,183.6800,183.5101,183.7050,54482
2025-10-07T17:56:00+00:00,183.6900,183.7800,183.6800,183.8500,62252
2025-10-07T17:57:00+00:00,183.7850,183.8229,183.7500,183.8900,50060
2025-10-07T17:58:00+00:00,183.8200,183.7412,183.7300,183.9400,59336
2025-10-07T17:59:00+00:00,183.7600,183.7800,183.6500,183.8200,66431
2025-10-07T18:00:00+00:00,183.7878,183.5910,183.5500,183.8000,71613
2025-10-07T18:01:00+00:00,183.5750,183.4590,183.4190,183.6404,78831
2025-10-07T18:02:00+00:00,183.4600,183.1300,183.1200,183.4736,94129
2025-10-07T18:03:00+00:00,183.1300,182.8200,182.8000,183.1700,109589
2025-10-07T18:04:00+00:00,182.8189,182.9200,182.8189,183.0606,72521
2025-10-07T18:05:00+00:00,182.9400,183.0900,182.9400,183.1200,69836
2025-10-07T18:06:00+00:00,183.0399,183.0006,182.9000,183.1200,53974
2025-10-07T18:07:00+00:00,183.0000,183.0700,182.9367,183.1000,36822
2025-10-07T18:08:00+00:00,183.0799,183.1100,183.0000,183.1800,72815
2025-10-07T18:09:00+00:00,183.0700,183.1100,182.9700,183.1900,40620
2025-10-07T18:10:00+00:00,183.1300,183.0400,182.9500,183.2000,79294
2025-10-07T18:11:00+00:00,183.0600,183.1400,182.8600,183.2000,54900
2025-10-07T18:12:00+00:00,183.1200,183.3400,183.1200,183.3900,64255
2025-10-07T18:13:00+00:00,183.3400,183.2100,183.1800,183.3700,47748
2025-10-07T18:14:00+00:00,183.2241,183.1900,183.1300,183.3500,55815
2025-10-07T18:15:00+00:00,183.2100,183.2000,183.1401,183.2450,39169
2025-10-07T18:16:00+00:00,183.2150,183.1001,183.0400,183.3350,46244
2025-10-07T18:17:00+00:00,183.1126,182.8200,182.7800,183.1126,120996
2025-10-07T18:18:00+00:00,182.8400,182.7578,182.6800,182.9000,73894
2025-10-07T18:19:00+00:00,182.7800,182.7900,182.6800,182.8600,65746
2025-10-07T18:20:00+00:00,182.7850,182.9000,182.6417,182.9500,79115
2025-10-07T18:21:00+00:00,182.8990,182.8305,182.7300,182.9199,60130
2025-10-07T18:22:00+00:00,182.8700,182.8100,182.6650,182.8800,46965
2025-10-07T18:23:00+00:00,182.8100,182.8200,182.7101,182.8800,33770
2025-10-07T18:24:00+00:00,182.8000,182.8333,182.8000,182.9200,37837
2025-10-07T18:25:00+00:00,182.8200,182.7550,182.7200,182.8800,46051
2025-10-07T18:26:00+00:00,182.7550,182.6304,182.5700,182.8368,78547
2025-10-07T18:27:00+00:00,182.6300,182.5259,182.4800,182.6909,70293
2025-10-07T18:28:00+00:00,182.5450,182.3800,182.3500,182.5450,63095
2025-10-07T18:29:00+00:00,182.3800,182.4300,182.2700,182.4400,87086
2025-10-07T18:30:00+00:00,182.4400,182.2593,182.2300,182.5300,97060
2025-10-07T18:31:00+00:00,182.2550,182.2000,182.1600,182.3150,68495
2025-10-07T18:32:00+00:00,182.2100,182.4400,182.2100,182.4600,75838
2025-10-07T18:33:00+00:00,182.4300,182.6100,182.3700,182.6800,94438
2025-10-07T18:34:00+00:00,182.6300,182.4200,182.4000,182.6600,69426
2025-10-07T18:35:00+00:00,182.3900,182.5200,182.3701,182.5490,36899
2025-10-07T18:36:00+00:00,182.5200,182.6950,182.5050,182.7288,65751
2025-10-07T18:37:00+00:00,182.6900,182.6200,182.5600,182.7200,48985
2025-10-07T18:38:00+00:00,182.6300,182.6200,182.5750,182.7400,53965
2025-10-07T18:39:00+00:00,182.6100,182.7500,182.6000,182.8600,72825
2025-10-07T18:40:00+00:00,182.7578,182.4000,182.3300,182.7625,66049
2025-10-07T18:41:00+00:00,182.3600,182.3700,182.2700,182.4000,45136
2025-10-07T18:42:00+00:00,182.4000,182.3300,182.2850,182.4300,34380
2025-10-07T18:43:00+00:00,182.3250,182.2013,182.1001,182.3500,78199
2025-10-07T18:44:00+00:00,182.2150,182.3800,182.2150,182.4600,72470
2025-10-07T18:45:00+00:00,182.4200,182.4800,182.4200,182.5600,44212
2025-10-07T18:46:00+00:00,182.4800,182.1385,182.0501,182.4800,71498
2025-10-07T18:47:00+00:00,182.1400,182.2900,182.0500,182.2900,48323
2025-10-07T18:48:00+00:00,182.2650,182.4699,182.2000,182.5000,63695
2025-10-07T18:49:00+00:00,182.4750,182.5100,182.3900,182.5391,45001
2025-10-07T18:50:00+00:00,182.5000,182.6041,182.4801,182.6500,42412
2025-10-07T18:51:00+00:00,182.5985,182.8400,182.5600,182.8700,67277
2025-10-07T18:52:00+00:00,182.8201,182.8200,182.7401,182.8600,39242
2025-10-07T18:53:00+00:00,182.8250,182.8300,182.7800,182.8800,42543
2025-10-07T18:54:00+00:00,182.8470,183.1150,182.8470,183.1150,104926
2025-10-07T18:55:00+00:00,183.1155,183.1290,182.9510,183.1499,77122
2025-10-07T18:56:00+00:00,183.1500,183.0387,183.0387,183.1800,46919
2025-10-07T18:57:00+00:00,183.0240,183.0300,182.9800,183.1300,41489
2025-10-07T18:58:00+00:00,183.0448,183.1750,183.0348,183.2000,54785
2025-10-07T18:59:00+00:00,183.1500,183.3926,183.1500,183.4100,92046
2025-10-07T19:00:00+00:00,183.3970,183.4232,183.2873,183.4600,82329
2025-10-07T19:01:00+00:00,183.4111,183.5800,183.3950,183.6200,66752
2025-10-07T19:02:00+00:00,183.5900,183.4900,183.4850,183.6200,56167
2025-10-07T19:03:00+00:00,183.5052,183.5000,183.3851,183.5300,60535
2025-10-07T19:04:00+00:00,183.4800,183.4200,183.3900,183.5101,44057
2025-10-07T19:05:00+00:00,183.4400,183.6400,183.4100,183.6600,59529
2025-10-07T19:06:00+00:00,183.5906,183.5295,183.4600,183.6150,39277
2025-10-07T19:07:00+00:00,183.5400,183.4601,183.4500,183.6200,42775
2025-10-07T19:08:00+00:00,183.4532,183.3400,183.2304,183.4669,99431
2025-10-07T19:09:00+00:00,183.3600,183.5000,183.3420,183.5399,52588
2025-10-07T19:10:00+00:00,183.4800,183.2550,183.2200,183.4845,55628
2025-10-07T19:11:00+00:00,183.2600,183.3299,183.2300,183.3500,47248
2025-10-07T19:12:00+00:00,183.3300,183.2890,183.2500,183.4855,54910
2025-10-07T19:13:00+00:00,183.2850,183.2700,183.2200,183.3695,41318
2025-10-07T19:14:00+00:00,183.2700,183.1900,183.1400,183.3599,70065
2025-10-07T19:15:00+00:00,183.1950,183.2100,183.1300,183.3000,48601
2025-10-07T19:16:00+00:00,183.2000,183.1506,183.1500,183.2700,41337
2025-10-07T19:17:00+00:00,183.1800,183.1190,183.0700,183.3100,66690
2025-10-07T19:18:00+00:00,183.1400,183.1399,183.0000,183.1499,75926
2025-10-07T19:19:00+00:00,183.1400,182.9550,182.9400,183.1800,46932
2025-10-07T19:20:00+00:00,182.9401,182.8100,182.7501,182.9800,81625
2025-10-07T19:21:00+00:00,182.8207,182.8500,182.7500,182.9600,53027
2025-10-07T19:22:00+00:00,182.8700,182.8648,182.7600,182.8900,55082
2025-10-07T19:23:00+00:00,182.8700,182.7550,182.7374,182.9300,39690
2025-10-07T19:24:00+00:00,182.7500,182.9500,182.7400,182.9800,54248
2025-10-07T19:25:00+00:00,182.9600,182.8100,182.7842,183.0000,46712
2025-10-07T19:26:00+00:00,182.8200,182.8900,182.8100,182.9700,48994
2025-10-07T19:27:00+00:00,182.9000,182.8100,182.7700,182.9200,31159
2025-10-07T19:28:00+00:00,182.8300,182.7041,182.6885,182.8600,62187
2025-10-07T19:29:00+00:00,182.7100,182.7300,182.6859,182.7800,51038
2025-10-07T19:30:00+00:00,182.7300,182.7369,182.6700,182.8078,50689
2025-10-07T19:31:00+00:00,182.7600,182.8300,182.6748,182.8499,58727
2025-10-07T19:32:00+00:00,182.8300,182.9000,182.7300,182.9000,52917
2025-10-07T19:33:00+00:00,182.8900,182.8200,182.7700,182.9188,66609
2025-10-07T19:34:00+00:00,182.8200,182.5850,182.5800,182.8226,57833
2025-10-07T19:35:00+00:00,182.5755,182.3850,182.3185,182.6000,99640
2025-10-07T19:36:00+00:00,182.3500,182.5072,182.3500,182.5600,68721
2025-10-07T19:37:00+00:00,182.5048,182.5799,182.4700,182.5900,53696
2025-10-07T19:38:00+00:00,182.5614,182.5400,182.4700,182.5700,46468
2025-10-07T19:39:00+00:00,182.5400,182.4750,182.4700,182.5700,24613
2025-10-07T19:40:00+00:00,182.4900,182.5300,182.4000,182.5600,62192
2025-10-07T19:41:00+00:00,182.5400,182.6183,182.4400,182.6199,55929
2025-10-07T19:42:00+00:00,182.6163,182.6150,182.6100,182.7100,58157
2025-10-07T19:43:00+00:00,182.6200,182.7400,182.6150,182.8160,81045
2025-10-07T19:44:00+00:00,182.7400,182.8189,182.6076,182.8400,81102
2025-10-07T19:45:00+00:00,182.8150,182.8800,182.8000,182.9800,86558
2025-10-07T19:46:00+00:00,182.8900,182.8632,182.7755,182.9099,38979
2025-10-07T19:47:00+00:00,182.8600,182.7314,182.7200,182.9100,51156
2025-10-07T19:48:00+00:00,182.7200,182.6600,182.6000,182.7699,89010
2025-10-07T19:49:00+00:00,182.6800,182.7775,182.6300,182.8200,63397
2025-10-07T19:50:00+00:00,182.7900,182.8274,182.7200,182.9900,101931
2025-10-07T19:51:00+00:00,182.8200,182.9500,182.7200,182.9700,90494
2025-10-07T19:52:00+00:00,182.9600,182.9800,182.8200,182.9900,75503
2025-10-07T19:53:00+00:00,182.9800,182.6015,182.5701,182.9800,110935
2025-10-07T19:54:00+00:00,182.5969,182.4900,182.4900,182.8100,145097
2025-10-07T19:55:00+00:00,182.4800,182.2500,182.1200,182.6900,270241
2025-10-07T19:56:00+00:00,182.2400,181.9900,181.9300,182.2400,171105
2025-10-07T19:57:00+00:00,181.9899,182.0940,181.9400,182.1601,169762
2025-10-07T19:58:00+00:00,182.0900,182.1150,182.0000,182.1500,186915
2025-10-07T19:59:00+00:00,182.1200,182.1650,181.7700,182.1858,393793
2025-10-07T20:00:00+00:00,182.1700,182.1700,182.0500,182.2200,99371
2025-10-07T20:01:00+00:00,182.1700,182.2700,181.9800,182.2700,17922
2025-10-07T20:02:00+00:00,182.2900,182.3225,182.2000,182.4900,15466
2025-10-07T20:03:00+00:00,182.3400,182.2400,182.2400,182.3400,2654
2025-10-07T20:04:00+00:00,182.1700,182.1500,182.1206,182.1700,18046
2025-10-07T20:05:00+00:00,182.1532,182.1200,182.0300,182.1532,5718
2025-10-07T20:06:00+00:00,182.0300,182.0000,182.0000,182.1000,2539
2025-10-07T20:07:00+00:00,182.0500,182.2000,182.0018,182.2000,1113
2025-10-07T20:08:00+00:00,182.1752,182.0016,182.0016,182.2000,2682
2025-10-07T20:09:00+00:00,182.1000,182.1000,182.1000,182.1700,4677
2025-10-07T20:10:00+00:00,182.1000,182.0000,181.9900,182.1000,9082
2025-10-07T20:11:00+00:00,182.0800,182.0800,182.0200,182.0800,1331
2025-10-07T20:12:00+00:00,182.0000,181.9800,181.9799,182.0000,2247
2025-10-07T20:13:00+00:00,181.9400,181.9800,181.9400,181.9800,4873
2025-10-07T20:14:00+00:00,181.9800,181.9800,181.9400,181.9800,992
2025-10-07T20:15:00+00:00,181.9700,181.9400,181.9400,181.9800,1627
2025-10-07T20:16:00+00:00,181.9500,181.9700,181.9500,181.9800,2424
2025-10-07T20:17:00+00:00,181.9700,181.9763,181.9500,181.9800,2965
2025-10-07T20:18:00+00:00,181.9800,181.9793,181.9500,181.9800,1294
2025-10-07T20:19:00+00:00,181.9700,181.9400,181.9400,181.9700,1192
2025-10-07T20:20:00+00:00,181.9300,181.9000,181.9000,181.9300,1689
2025-10-07T20:21:00+00:00,181.8800,181.8989,181.8800,181.9000,1501
2025-10-07T20:22:00+00:00,181.8158,181.8900,181.8158,181.9000,955
2025-10-07T20:23:00+00:00,181.8300,181.9000,181.8300,181.9000,1744
2025-10-07T20:24:00+00:00,181.9332,182.0296,181.9274,182.0296,1077
2025-10-07T20:25:00+00:00,182.0300,182.0000,182.0000,182.0300,756
2025-10-07T20:26:00+00:00,181.9805,182.0225,181.9805,182.0225,621
2025-10-07T20:27:00+00:00,181.9760,182.0800,181.9700,182.1000,2470
2025-10-07T20:28:00+00:00,182.1500,182.1400,182.1400,182.1500,1446
2025-10-07T20:29:00+00:00,182.0800,182.0800,182.0800,182.0800,300
2025-10-07T20:30:00+00:00,182.0010,181.9986,181.8912,182.0010,5009
2025-10-07T20:31:00+00:00,181.9150,181.8800,181.8800,181.9150,414
2025-10-07T20:32:00+00:00,182.1700,182.0000,182.0000,182.1700,3024
2025-10-07T20:33:00+00:00,182.0000,182.0500,182.0000,182.0500,1445
2025-10-07T20:34:00+00:00,182.0500,182.0501,182.0500,182.0600,1643
2025-10-07T20:35:00+00:00,182.1100,182.0001,182.0001,182.1100,1305
2025-10-07T20:36:00+00:00,181.9600,181.9501,181.9500,181.9600,1922
2025-10-07T20:37:00+00:00,182.0000,181.9900,181.9510,182.0000,685
2025-10-07T20:38:00+00:00,181.9900,181.9700,181.9500,181.9900,699
2025-10-07T20:39:00+00:00,181.9987,182.1700,181.9987,182.1700,8319
2025-10-07T20:40:00+00:00,182.0483,182.0483,182.0483,182.0483,390
2025-10-07T20:41:00+00:00,181.9800,181.9800,181.9800,181.9800,293
2025-10-07T20:42:00+00:00,181.9600,181.9614,181.9600,181.9800,1253
2025-10-07T20:43:00+00:00,182.0442,182.0442,182.0442,182.0442,270
2025-10-07T20:44:00+00:00,181.9800,182.0000,181.9800,182.0000,468
2025-10-07T20:45:00+00:00,182.0000,182.0000,182.0000,182.0000,548
2025-10-07T20:46:00+00:00,182.0500,182.0999,182.0497,182.0999,2409
2025-10-07T20:47:00+00:00,182.0500,182.0500,182.0500,182.0900,2205
2025-10-07T20:49:00+00:00,182.0800,182.0900,182.0800,182.0900,5513
2025-10-07T20:50:00+00:00,181.9700,182.0000,181.9700,182.0000,2187
2025-10-07T20:51:00+00:00,182.0000,182.0000,182.0000,182.0000,2246
2025-10-07T20:52:00+00:00,181.9800,182.0000,181.9800,182.0000,7957
2025-10-07T20:53:00+00:00,182.0000,182.0000,181.9900,182.0000,2709
2025-10-07T20:54:00+00:00,182.0000,182.0000,181.9989,182.0000,1056
2025-10-07T20:55:00+00:00,181.9600,182.0000,181.9600,182.0000,1697
2025-10-07T20:56:00+00:00,182.0000,182.0000,181.9990,182.0100,3322
2025-10-07T20:57:00+00:00,182.0000,182.0100,182.0000,182.0200,977
2025-10-07T20:59:00+00:00,182.1302,182.0001,182.0001,182.1700,22775
2025-10-07T21:00:00+00:00,182.0400,182.0600,182.0400,182.0600,1119
2025-10-07T21:01:00+00:00,182.0800,182.0100,182.0100,182.0800,626
2025-10-07T21:02:00+00:00,182.0400,182.0400,182.0400,182.0400,581
2025-10-07T21:04:00+00:00,182.0900,182.0800,182.0800,182.0900,1347
2025-10-07T21:05:00+00:00,182.1400,182.1200,182.1200,182.1400,453
2025-10-07T21:07:00+00:00,182.0800,182.0868,182.0800,182.0900,2239
2025-10-07T21:08:00+00:00,182.1455,182.0800,182.0800,182.1455,1340
2025-10-07T21:12:00+00:00,182.1700,182.1297,182.1297,182.1700,1141
2025-10-07T21:13:00+00:00,182.1100,182.0500,182.0500,182.1100,1420
2025-10-07T21:14:00+00:00,182.0103,182.0103,182.0103,182.0103,235
2025-10-07T21:15:00+00:00,182.0400,182.0200,182.0117,182.0400,2398
2025-10-07T21:18:00+00:00,182.0500,182.0000,182.0000,182.0500,3448
2025-10-07T21:19:00+00:00,182.0200,182.0000,182.0000,182.0200,1552
2025-10-07T21:20:00+00:00,182.0011,182.0000,182.0000,182.0063,674
2025-10-07T21:22:00+00:00,182.1000,182.1000,182.1000,182.1000,297
2025-10-07T21:25:00+00:00,182.0000,182.0900,182.0000,182.0900,2631
2025-10-07T21:28:00+00:00,182.0000,182.0828,182.0000,182.0828,375
2025-10-07T21:29:00+00:00,182.0900,182.0800,182.0700,182.0900,1613
2025-10-07T21:36:00+00:00,182.0198,182.0900,182.0100,182.0900,5820
2025-10-07T21:37:00+00:00,182.0983,182.0991,182.0983,182.0991,2384
2025-10-07T21:38:00+00:00,182.0100,182.0100,182.0100,182.0100,362
2025-10-07T21:39:00+00:00,182.0000,182.0000,182.0000,182.0000,133
2025-10-07T21:40:00+00:00,182.0900,182.1000,182.0900,182.1000,1420
2025-10-07T21:42:00+00:00,182.0994,182.1162,182.0167,182.1162,2771
2025-10-07T21:44:00+00:00,182.1000,182.0480,182.0480,182.1000,552
2025-10-07T21:45:00+00:00,182.0100,182.0710,182.0100,182.0710,252
2025-10-07T21:47:00+00:00,182.0710,182.0710,182.0710,182.0710,297
2025-10-07T21:48:00+00:00,182.0616,182.0616,182.0616,182.0616,251
2025-10-07T21:49:00+00:00,182.1000,182.1000,182.1000,182.1000,395
2025-10-07T21:50:00+00:00,182.0600,182.1000,182.0600,182.1000,1489
2025-10-07T21:53:00+00:00,182.0700,182.0698,182.0698,182.0700,632
2025-10-07T21:54:00+00:00,182.0600,182.0400,182.0400,182.0600,547
2025-10-07T21:55:00+00:00,182.0700,182.0700,182.0700,182.0700,329
2025-10-07T21:56:00+00:00,182.1000,182.1000,182.1000,182.1000,484
2025-10-07T21:57:00+00:00,182.0301,182.1200,182.0301,182.1200,488
2025-10-07T21:58:00+00:00,182.0600,182.0900,182.0600,182.0900,1176
2025-10-07T21:59:00+00:00,182.0500,182.0500,182.0500,182.0500,300
2025-10-07T22:01:00+00:00,182.1195,182.1200,182.1190,182.1200,1449
2025-10-07T22:02:00+00:00,182.0800,182.1200,182.0800,182.1200,340
2025-10-07T22:03:00+00:00,182.0900,182.0900,182.0900,182.0900,341
2025-10-07T22:04:00+00:00,182.1300,182.1300,182.1300,182.1300,878
2025-10-07T22:07:00+00:00,182.1700,182.1700,182.1700,182.1700,706
2025-10-07T22:09:00+00:00,182.1100,182.1100,182.1100,182.1100,1093
2025-10-07T22:10:00+00:00,182.1000,182.1000,182.1000,182.1000,554
2025-10-07T22:11:00+00:00,182.0611,182.0611,182.0611,182.0611,147
2025-10-07T22:12:00+00:00,182.0520,182.0520,182.0520,182.0520,235
2025-10-07T22:13:00+00:00,182.0519,182.2000,182.0519,182.2000,7259
2025-10-07T22:14:00+00:00,182.2400,182.1900,182.1900,182.2500,502
2025-10-07T22:15:00+00:00,182.1900,182.1890,182.1501,182.2000,1162
2025-10-07T22:16:00+00:00,182.1700,182.2400,182.1700,182.2400,1270
2025-10-07T22:17:00+00:00,182.2500,182.2500,182.2500,182.2500,510
2025-10-07T22:18:00+00:00,182.2500,182.3400,182.2500,182.3400,1702
2025-10-07T22:19:00+00:00,182.3400,182.3807,182.3400,182.3807,455
2025-10-07T22:20:00+00:00,182.3900,182.3900,182.3000,182.3900,726
2025-10-07T22:21:00+00:00,182.3100,182.3200,182.3100,182.3200,487
2025-10-07T22:22:00+00:00,182.3600,182.3200,182.3200,182.3800,506
2025-10-07T22:23:00+00:00,182.3497,182.3400,182.3400,182.3500,890
2025-10-07T22:24:00+00:00,182.3400,182.3000,182.2900,182.3400,1820
2025-10-07T22:26:00+00:00,182.3300,182.3300,182.3300,182.3300,143
2025-10-07T22:27:00+00:00,182.2800,182.3400,182.2800,182.3400,1848
2025-10-07T22:28:00+00:00,182.4000,182.3500,182.3500,182.4500,4799
2025-10-07T22:29:00+00:00,182.4500,182.4225,182.4225,182.4500,450
2025-10-07T22:30:00+00:00,182.4000,182.4400,182.4000,182.4400,2294
2025-10-07T22:31:00+00:00,182.4400,182.4500,182.4400,182.4500,1460
2025-10-07T22:32:00+00:00,182.4600,182.4600,182.4600,182.4600,160
2025-10-07T22:33:00+00:00,182.5000,182.4909,182.4909,182.5000,223
2025-10-07T22:34:00+00:00,182.4000,182.4000,182.4000,182.4000,573
2025-10-07T22:35:00+00:00,182.3500,182.3500,182.3500,182.3500,1349
2025-10-07T22:37:00+00:00,182.2900,182.2500,182.2500,182.2900,1181
2025-10-07T22:39:00+00:00,182.3100,182.3100,182.3100,182.3100,535
2025-10-07T22:40:00+00:00,182.3000,182.2800,182.2800,182.3000,688
2025-10-07T22:41:00+00:00,182.3100,182.4300,182.3100,182.4500,2841
2025-10-07T22:42:00+00:00,182.4800,182.3800,182.3800,182.4800,352
2025-10-07T22:43:00+00:00,182.4400,182.6902,182.4400,182.6902,1969
2025-10-07T22:46:00+00:00,182.4100,182.4100,182.4100,182.4100,314
2025-10-07T22:47:00+00:00,182.4100,182.4100,182.4100,182.4100,407
2025-10-07T22:48:00+00:00,182.4800,182.4800,182.4800,182.4800,500
2025-10-07T22:49:00+00:00,182.5400,182.5400,182.5400,182.5400,467
2025-10-07T22:50:00+00:00,182.4400,182.4000,182.4000,182.4400,836
2025-10-07T22:51:00+00:00,182.4200,182.4173,182.4173,182.4400,1275
2025-10-07T22:54:00+00:00,182.5000,182.5000,182.5000,182.5000,134
2025-10-07T22:55:00+00:00,182.4001,182.4001,182.4001,182.4001,1183
2025-10-07T22:56:00+00:00,182.4837,182.4837,182.4837,182.4837,308
2025-10-07T22:58:00+00:00,182.4475,182.4152,182.4152,182.4475,860
2025-10-07T22:59:00+00:00,182.4900,182.4803,182.4803,182.4900,625
2025-10-07T23:00:00+00:00,182.4981,182.4000,182.3100,182.4981,3593
2025-10-07T23:01:00+00:00,182.3300,182.3100,182.3100,182.3350,630
2025-10-07T23:02:00+00:00,182.4200,182.4200,182.4200,182.4200,123
2025-10-07T23:03:00+00:00,182.4800,182.4000,182.3800,182.4800,1354
2025-10-07T23:06:00+00:00,182.3200,182.3200,182.3200,182.3200,320
2025-10-07T23:07:00+00:00,182.3800,182.3800,182.3800,182.3800,1344
2025-10-07T23:13:00+00:00,182.3600,182.3901,182.2900,182.3901,869
2025-10-07T23:14:00+00:00,182.4200,182.5899,182.4200,182.5899,1661
2025-10-07T23:15:00+00:00,182.5000,182.5000,182.5000,182.5000,537
2025-10-07T23:17:00+00:00,182.5000,182.5000,182.5000,182.5000,236
2025-10-07T23:18:00+00:00,182.4500,182.4500,182.4500,182.4500,228
2025-10-07T23:19:00+00:00,182.4500,182.4883,182.4500,182.4883,2963
2025-10-07T23:20:00+00:00,182.4200,182.4900,182.4200,182.4900,1126
2025-10-07T23:21:00+00:00,182.4900,182.4200,182.4200,182.4900,1053
2025-10-07T23:23:00+00:00,182.4000,182.4000,182.4000,182.4000,818
2025-10-07T23:24:00+00:00,182.4000,182.4000,182.4000,182.4150,1506
2025-10-07T23:25:00+00:00,182.4900,182.4700,182.4500,182.4900,890
2025-10-07T23:26:00+00:00,182.4500,182.4484,182.3900,182.4500,3197
2025-10-07T23:28:00+00:00,182.4357,182.4357,182.4357,182.4357,278
2025-10-07T23:33:00+00:00,182.3780,182.3004,182.3004,182.3780,669
2025-10-07T23:34:00+00:00,182.3100,182.3125,182.3100,182.3125,915
2025-10-07T23:35:00+00:00,182.3065,182.3065,182.3065,182.3065,430
2025-10-07T23:36:00+00:00,182.3486,182.3596,182.3486,182.3596,241
2025-10-07T23:37:00+00:00,182.3100,182.3500,182.3100,182.3500,1011
2025-10-07T23:38:00+00:00,182.3909,182.3968,182.3600,182.3994,1615
2025-10-07T23:39:00+00:00,182.3600,182.3600,182.3600,182.3600,438
2025-10-07T23:41:00+00:00,182.3900,182.4000,182.3900,182.4000,585
2025-10-07T23:42:00+00:00,182.3700,182.3700,182.3700,182.3700,324
2025-10-07T23:43:00+00:00,182.3600,182.3400,182.3400,182.3713,861
2025-10-07T23:44:00+00:00,182.3039,182.3039,182.3039,182.3039,296
2025-10-07T23:46:00+00:00,182.3500,182.3000,182.3000,182.3500,705
2025-10-07T23:47:00+00:00,182.3000,182.3500,182.3000,182.3500,336
2025-10-07T23:48:00+00:00,182.3100,182.3010,182.3010,182.3100,1071
2025-10-07T23:49:00+00:00,182.3000,182.3000,182.3000,182.3000,1164
2025-10-07T23:50:00+00:00,182.3300,182.3300,182.3300,182.3300,373
2025-10-07T23:51:00+00:00,182.3200,182.3000,182.3000,182.3200,505
2025-10-07T23:52:00+00:00,182.3013,182.3000,182.3000,182.3013,1226
2025-10-07T23:53:00+00:00,182.2700,182.2600,182.2600,182.2700,545
2025-10-07T23:54:00+00:00,182.2500,182.2500,182.2500,182.2516,1493
2025-10-07T23:55:00+00:00,182.2696,182.2700,182.2696,182.2700,1212
2025-10-07T23:56:00+00:00,182.3000,182.2300,182.2100,182.3000,4212
2025-10-07T23:57:00+00:00,182.2200,182.2400,182.2100,182.2400,2212
2025-10-07T23:58:00+00:00,182.2000,182.1899,182.1700,182.2100,4510
2025-10-07T23:59:00+00:00,182.1501,182.1700,182.1501,182.1700,2630
