timestamp,close,predicted_log_return,predicted_future_price,actual_future_price,predicted_timestamp
2025-10-08 15:24:00+00:00,182.01,-7.25572865310653e-05,181.99679432736815,182.8399,2025-10-08 15:34:00+00:00
2025-10-08 15:25:00+00:00,182.13,-3.079061468199024e-05,182.12439219168235,182.715,2025-10-08 15:35:00+00:00
2025-10-08 15:26:00+00:00,182.42,-0.00033401043033358033,182.359079991824,182.75,2025-10-08 15:36:00+00:00
2025-10-08 15:27:00+00:00,182.5,-0.000574988667760608,182.39509473069447,183.079,2025-10-08 15:37:00+00:00
2025-10-08 15:28:00+00:00,182.545,-0.0006218204909702875,182.4315250626528,182.96,2025-10-08 15:38:00+00:00
2025-10-08 15:29:00+00:00,182.77,-0.0009773115182367081,182.59146403065205,183.1,2025-10-08 15:39:00+00:00
2025-10-08 15:30:00+00:00,182.76,-0.0005062903909599874,182.66749378762736,182.92,2025-10-08 15:40:00+00:00
2025-10-08 15:31:00+00:00,182.83,-0.0004833627023402839,182.74164815184537,182.88,2025-10-08 15:41:00+00:00
2025-10-08 15:32:00+00:00,183.1024,-0.0006745392345756955,182.97893189397743,182.8,2025-10-08 15:42:00+00:00
2025-10-08 15:33:00+00:00,182.76,-0.00022222177003959452,182.71939126154754,182.89,2025-10-08 15:43:00+00:00
2025-10-08 15:34:00+00:00,182.8399,4.0364017155807857e-05,182.84728030180867,182.955,2025-10-08 15:44:00+00:00
2025-10-08 15:35:00+00:00,182.715,0.0004481039437464823,182.79689365914712,183.165,2025-10-08 15:45:00+00:00
2025-10-08 15:36:00+00:00,182.75,0.0006362466858732038,182.86631107918902,183.21,2025-10-08 15:46:00+00:00
2025-10-08 15:37:00+00:00,183.079,0.0004342754652793525,183.1585239843157,183.239,2025-10-08 15:47:00+00:00
2025-10-08 15:38:00+00:00,182.96,0.0005827196942539098,183.06664546444918,183.45,2025-10-08 15:48:00+00:00
2025-10-08 15:39:00+00:00,183.1,0.000437838933589828,183.18018586170538,183.5802,2025-10-08 15:49:00+00:00
2025-10-08 15:40:00+00:00,182.92,0.00048640909043544595,183.00899559320055,183.7051,2025-10-08 15:50:00+00:00
2025-10-08 15:41:00+00:00,182.88,0.0005045587807935909,182.97229699250246,183.55,2025-10-08 15:51:00+00:00
2025-10-08 15:42:00+00:00,182.8,0.00047937566333381684,182.8876508784279,183.7586,2025-10-08 15:52:00+00:00
2025-10-08 15:43:00+00:00,182.89,0.0002747406894263541,182.94025422781365,183.665,2025-10-08 15:53:00+00:00
2025-10-08 15:44:00+00:00,182.955,0.0002671080820467774,183.0038752863523,183.6501,2025-10-08 15:54:00+00:00
2025-10-08 15:45:00+00:00,183.165,-1.32122783334694e-05,183.16257998902603,183.535,2025-10-08 15:55:00+00:00
2025-10-08 15:46:00+00:00,183.21,-3.124586599397091e-05,183.20427553432467,183.43,2025-10-08 15:56:00+00:00
2025-10-08 15:47:00+00:00,183.239,0.00018642129737216545,183.27316283635037,183.69,2025-10-08 15:57:00+00:00
2025-10-08 15:48:00+00:00,183.45,-0.00031126775379087526,183.39290681666148,183.51,2025-10-08 15:58:00+00:00
2025-10-08 15:49:00+00:00,183.5802,-0.0002639111853136564,183.53175752435462,183.59,2025-10-08 15:59:00+00:00
2025-10-08 15:50:00+00:00,183.7051,-0.00048660545153038977,183.6157298426324,183.4352,2025-10-08 16:00:00+00:00
2025-10-08 15:51:00+00:00,183.55,-0.00046742811768143815,183.4642236177078,183.4919,2025-10-08 16:01:00+00:00
2025-10-08 15:52:00+00:00,183.7586,-0.00022033802130916807,183.71811545398361,183.5501,2025-10-08 16:02:00+00:00
2025-10-08 15:53:00+00:00,183.665,-0.00020446060267343623,183.62745158212687,183.665,2025-10-08 16:03:00+00:00
2025-10-08 15:54:00+00:00,183.6501,-8.46597266293577e-06,183.6485452298552,183.495,2025-10-08 16:04:00+00:00
2025-10-08 15:55:00+00:00,183.535,-2.2680115754964214e-05,183.53083745215864,183.515,2025-10-08 16:05:00+00:00
2025-10-08 15:56:00+00:00,183.43,0.00013820107376649206,183.45535197475573,183.68,2025-10-08 16:06:00+00:00
2025-10-08 15:57:00+00:00,183.69,0.00012407120600772982,183.71279205372113,183.93,2025-10-08 16:07:00+00:00
2025-10-08 15:58:00+00:00,183.51,0.00034267727341354457,183.5728954822548,183.835,2025-10-08 16:08:00+00:00
2025-10-08 15:59:00+00:00,183.59,0.00048300702577146046,183.6786966786965,183.68,2025-10-08 16:09:00+00:00
2025-10-08 16:00:00+00:00,183.4352,0.0005751820202082827,183.54073897806495,183.7486,2025-10-08 16:10:00+00:00
2025-10-08 16:01:00+00:00,183.4919,0.0005096460198987506,183.58543975057478,183.85,2025-10-08 16:11:00+00:00
2025-10-08 16:02:00+00:00,183.5501,0.0003112171794473782,183.60723283430792,183.82,2025-10-08 16:12:00+00:00
2025-10-08 16:03:00+00:00,183.665,0.00025012137684509377,183.71094428826305,183.7,2025-10-08 16:13:00+00:00
2025-10-08 16:04:00+00:00,183.495,6.607276741883485e-05,183.5071244230002,183.4605,2025-10-08 16:14:00+00:00
2025-10-08 16:05:00+00:00,183.515,7.995840916537107e-05,183.52967415411115,183.4986,2025-10-08 16:15:00+00:00
2025-10-08 16:06:00+00:00,183.68,-0.00019468966274352418,183.64424288363068,183.655,2025-10-08 16:16:00+00:00
2025-10-08 16:07:00+00:00,183.93,-0.00033102432841828006,183.86912477142073,183.82,2025-10-08 16:17:00+00:00
2025-10-08 16:08:00+00:00,183.835,-0.0003653407432051036,183.76784985156237,183.6399,2025-10-08 16:18:00+00:00
2025-10-08 16:09:00+00:00,183.68,-0.0003651848038516805,183.61293510151475,183.4302,2025-10-08 16:19:00+00:00
2025-10-08 16:10:00+00:00,183.7486,-0.00028959153639146793,183.69539566475063,183.075,2025-10-08 16:20:00+00:00
2025-10-08 16:11:00+00:00,183.85,-0.0003655458069360397,183.78280668526025,183.1978,2025-10-08 16:21:00+00:00
2025-10-08 16:12:00+00:00,183.82,-0.00014640071536828862,183.79309059032747,183.14,2025-10-08 16:22:00+00:00
2025-10-08 16:13:00+00:00,183.7,-0.00017829769228247473,183.66724963367184,183.0603,2025-10-08 16:23:00+00:00
2025-10-08 16:14:00+00:00,183.4605,-7.825811119683398e-05,183.44614328956263,183.17,2025-10-08 16:24:00+00:00
2025-10-08 16:15:00+00:00,183.4986,-2.8595529716981033e-05,183.49335283535376,183.0,2025-10-08 16:25:00+00:00
2025-10-08 16:16:00+00:00,183.655,-2.8683628938693263e-05,183.64973218367768,182.9451,2025-10-08 16:26:00+00:00
2025-10-08 16:17:00+00:00,183.82,3.422734162780791e-05,183.82629177761282,182.915,2025-10-08 16:27:00+00:00
2025-10-08 16:18:00+00:00,183.6399,7.902955929434257e-05,183.6544135538582,183.0,2025-10-08 16:28:00+00:00
2025-10-08 16:19:00+00:00,183.4302,-4.1854496767991715e-05,183.42252278195113,183.02,2025-10-08 16:29:00+00:00
2025-10-08 16:20:00+00:00,183.075,-0.00013535681074464015,183.05022122889847,182.84,2025-10-08 16:30:00+00:00
2025-10-08 16:21:00+00:00,183.1978,-5.9723670844516124e-05,183.18685908161254,182.78,2025-10-08 16:31:00+00:00
2025-10-08 16:22:00+00:00,183.14,0.0001282295632091628,183.16348546793958,182.8,2025-10-08 16:32:00+00:00
2025-10-08 16:23:00+00:00,183.0603,0.00019712768912750513,183.09638981094366,182.96,2025-10-08 16:33:00+00:00
2025-10-08 16:24:00+00:00,183.17,3.6121907109489576e-05,183.17661656922604,183.15,2025-10-08 16:34:00+00:00
2025-10-08 16:25:00+00:00,183.0,5.1630340673402525e-05,183.00944859625827,183.3579,2025-10-08 16:35:00+00:00
2025-10-08 16:26:00+00:00,182.9451,3.641672591685599e-05,182.9517623828749,183.38,2025-10-08 16:36:00+00:00
2025-10-08 16:27:00+00:00,182.915,0.00014101792131474241,182.9407961118916,183.43,2025-10-08 16:37:00+00:00
2025-10-08 16:28:00+00:00,183.0,0.00010983715130128377,183.02010130260282,183.565,2025-10-08 16:38:00+00:00
2025-10-08 16:29:00+00:00,183.02,-7.631345779528878e-05,183.00603364387155,183.69,2025-10-08 16:39:00+00:00
2025-10-08 16:30:00+00:00,182.84,-0.00021109275052002652,182.80140787489717,183.67,2025-10-08 16:40:00+00:00
2025-10-08 16:31:00+00:00,182.78,-0.00011905511639412405,182.75824040114696,183.58,2025-10-08 16:41:00+00:00
2025-10-08 16:32:00+00:00,182.8,-3.192565091722075e-05,182.79416408417055,183.66,2025-10-08 16:42:00+00:00
2025-10-08 16:33:00+00:00,182.96,-0.00015973178785167402,182.93077780601345,183.5025,2025-10-08 16:43:00+00:00
2025-10-08 16:34:00+00:00,183.15,-0.0002942440189009171,183.09611713568233,183.36,2025-10-08 16:44:00+00:00
2025-10-08 16:35:00+00:00,183.3579,-0.000701211581201532,183.22937238480773,183.46,2025-10-08 16:45:00+00:00
2025-10-08 16:36:00+00:00,183.38,-0.0006539787446045693,183.2601125839982,183.53,2025-10-08 16:46:00+00:00
2025-10-08 16:37:00+00:00,183.43,-0.0007721023234790024,183.2884279318987,183.475,2025-10-08 16:47:00+00:00
2025-10-08 16:38:00+00:00,183.565,-0.000849848867908616,183.4090637630649,183.315,2025-10-08 16:48:00+00:00
2025-10-08 16:39:00+00:00,183.69,-0.0008441650958465177,183.5350007452289,183.36,2025-10-08 16:49:00+00:00
2025-10-08 16:40:00+00:00,183.67,-0.0009129728280358361,183.50239080363778,183.43,2025-10-08 16:50:00+00:00
2025-10-08 16:41:00+00:00,183.58,-0.0008424774243861817,183.4254031257634,183.275,2025-10-08 16:51:00+00:00
2025-10-08 16:42:00+00:00,183.66,-0.0006794976883591973,183.53524584443622,183.25,2025-10-08 16:52:00+00:00
2025-10-08 16:43:00+00:00,183.5025,-0.0005780166106748133,183.39646315538067,183.2701,2025-10-08 16:53:00+00:00
2025-10-08 16:44:00+00:00,183.36,-0.0003134910785379244,183.30252728490169,183.26,2025-10-08 16:54:00+00:00
2025-10-08 16:45:00+00:00,183.46,-0.00021228461388538553,183.4210583982343,183.16,2025-10-08 16:55:00+00:00
2025-10-08 16:46:00+00:00,183.53,-0.00010061071777911784,183.51153584382757,183.31,2025-10-08 16:56:00+00:00
2025-10-08 16:47:00+00:00,183.475,-0.00010505749020552447,183.45572558946287,183.325,2025-10-08 16:57:00+00:00
2025-10-08 16:48:00+00:00,183.315,-2.0462378647160333e-05,183.31124897743587,183.38,2025-10-08 16:58:00+00:00
2025-10-08 16:49:00+00:00,183.36,9.887102764887619e-05,183.37812988787528,183.52,2025-10-08 16:59:00+00:00
2025-10-08 16:50:00+00:00,183.43,6.996716640547504e-05,183.44283452632627,183.35,2025-10-08 17:00:00+00:00
2025-10-08 16:51:00+00:00,183.275,-0.00013843904790037097,183.2496293396816,183.475,2025-10-08 17:01:00+00:00
2025-10-08 16:52:00+00:00,183.25,-0.00025905918335731887,183.2025335532247,183.58,2025-10-08 17:02:00+00:00
2025-10-08 16:53:00+00:00,183.2701,-0.0003371390917623727,183.2083228992618,183.4404,2025-10-08 17:03:00+00:00
2025-10-08 16:54:00+00:00,183.26,-0.0003526270716595396,183.19538895531892,183.42,2025-10-08 17:04:00+00:00
2025-10-08 16:55:00+00:00,183.16,-0.00039515223202948673,183.08763821508347,183.39,2025-10-08 17:05:00+00:00
2025-10-08 16:56:00+00:00,183.31,-0.00040269345123442805,183.2361971244189,183.26,2025-10-08 17:06:00+00:00
2025-10-08 16:57:00+00:00,183.325,-0.0003291928206939922,183.2646606583302,183.27,2025-10-08 17:07:00+00:00
2025-10-08 16:58:00+00:00,183.38,-0.00036451031717122225,183.31316827920298,183.2499,2025-10-08 17:08:00+00:00
2025-10-08 16:59:00+00:00,183.52,-0.0004905267763415187,183.43000060136785,183.075,2025-10-08 17:09:00+00:00
2025-10-08 17:00:00+00:00,183.35,-0.00039804242588727936,183.27703344406942,182.895,2025-10-08 17:10:00+00:00
2025-10-08 17:01:00+00:00,183.475,-0.0004135282077997589,183.399143597536,182.76,2025-10-08 17:11:00+00:00
2025-10-08 17:02:00+00:00,183.58,-0.00030245208089630293,183.5244842428404,182.8,2025-10-08 17:12:00+00:00
2025-10-08 17:03:00+00:00,183.4404,-0.00038201335048117203,183.37033670159215,183.0165,2025-10-08 17:13:00+00:00
2025-10-08 17:04:00+00:00,183.42,-0.0003902335869215315,183.34843731947572,183.03,2025-10-08 17:14:00+00:00
2025-10-08 17:05:00+00:00,183.39,-0.00016804132308006434,183.3591854908883,183.125,2025-10-08 17:15:00+00:00
2025-10-08 17:06:00+00:00,183.26,-0.000223218409291431,183.21909755957194,183.13,2025-10-08 17:16:00+00:00
2025-10-08 17:07:00+00:00,183.27,-0.00010566250169005444,183.25063625634408,183.08,2025-10-08 17:17:00+00:00
2025-10-08 17:08:00+00:00,183.2499,-6.89435299271525e-06,183.24863661485864,183.18,2025-10-08 17:18:00+00:00
2025-10-08 17:09:00+00:00,183.075,-1.2828734958072395e-06,183.07476513808538,183.2051,2025-10-08 17:19:00+00:00
2025-10-08 17:10:00+00:00,182.895,-8.711540828977946e-05,182.87906772138442,183.095,2025-10-08 17:20:00+00:00
2025-10-08 17:11:00+00:00,182.76,0.00010347916133204549,182.77891283005005,183.155,2025-10-08 17:21:00+00:00
2025-10-08 17:12:00+00:00,182.8,0.00022252259712462092,182.8406816568805,183.23,2025-10-08 17:22:00+00:00
2025-10-08 17:13:00+00:00,183.0165,5.646487866306202e-05,183.0268342962255,183.215,2025-10-08 17:23:00+00:00
2025-10-08 17:14:00+00:00,183.03,0.00019496024228783144,183.06568705181104,183.32,2025-10-08 17:24:00+00:00
2025-10-08 17:15:00+00:00,183.125,-0.00010534446342139657,183.10570981121109,183.13,2025-10-08 17:25:00+00:00
2025-10-08 17:16:00+00:00,183.13,-0.0002202336060894483,183.08967306055348,183.27,2025-10-08 17:26:00+00:00
2025-10-08 17:17:00+00:00,183.08,-0.00024921397044267,183.0343795911491,183.225,2025-10-08 17:27:00+00:00
2025-10-08 17:18:00+00:00,183.18,-0.00044441080427791544,183.0986109153062,183.29,2025-10-08 17:28:00+00:00
2025-10-08 17:19:00+00:00,183.2051,-0.0004443705040329817,183.12370714300337,183.3,2025-10-08 17:29:00+00:00
2025-10-08 17:20:00+00:00,183.095,-0.0005485962368576018,182.994582318912,183.2001,2025-10-08 17:30:00+00:00
2025-10-08 17:21:00+00:00,183.155,-0.0005316166074834776,183.05765763695732,183.16,2025-10-08 17:31:00+00:00
2025-10-08 17:22:00+00:00,183.23,-0.00037637591082026695,183.1610496183057,183.19,2025-10-08 17:32:00+00:00
2025-10-08 17:23:00+00:00,183.215,-0.00028570215453262366,183.1626625565735,183.16,2025-10-08 17:33:00+00:00
2025-10-08 17:24:00+00:00,183.32,-0.0002254227890505298,183.27868015170395,183.2,2025-10-08 17:34:00+00:00
2025-10-08 17:25:00+00:00,183.13,-0.00017065506019573243,183.09875060533585,183.28,2025-10-08 17:35:00+00:00
2025-10-08 17:26:00+00:00,183.27,-0.0001746048992918154,183.23800295360863,183.33,2025-10-08 17:36:00+00:00
2025-10-08 17:27:00+00:00,183.225,-0.00010218765511607525,183.2062776235055,183.47,2025-10-08 17:37:00+00:00
2025-10-08 17:28:00+00:00,183.29,-2.9175780797484845e-06,183.28946523789386,183.4,2025-10-08 17:38:00+00:00
2025-10-08 17:29:00+00:00,183.3,1.5298990330654317e-05,183.30280432637923,183.37,2025-10-08 17:39:00+00:00
2025-10-08 17:30:00+00:00,183.2001,-3.437619444452852e-05,183.19380238598475,183.28,2025-10-08 17:40:00+00:00
2025-10-08 17:31:00+00:00,183.16,-0.00012042332193786888,183.13794459237323,183.35,2025-10-08 17:41:00+00:00
2025-10-08 17:32:00+00:00,183.19,-0.0002115534920240888,183.15124961483028,183.25,2025-10-08 17:42:00+00:00
2025-10-08 17:33:00+00:00,183.16,-0.00021955568736626717,183.11979059456533,183.18,2025-10-08 17:43:00+00:00
2025-10-08 17:34:00+00:00,183.2,-0.0001649166610261465,183.16978975885453,183.22,2025-10-08 17:44:00+00:00
2025-10-08 17:35:00+00:00,183.28,-0.0002341714533757583,183.23708608082882,183.2298,2025-10-08 17:45:00+00:00
2025-10-08 17:36:00+00:00,183.33,-0.00019462234456172294,183.29432335742004,183.235,2025-10-08 17:46:00+00:00
2025-10-08 17:37:00+00:00,183.47,-0.00030429751643431255,183.41417902818208,183.36,2025-10-08 17:47:00+00:00
2025-10-08 17:38:00+00:00,183.4,-0.0003313180378348205,183.3392463368091,183.57,2025-10-08 17:48:00+00:00
2025-10-08 17:39:00+00:00,183.37,-0.00021572127048726794,183.33044745694656,183.64,2025-10-08 17:49:00+00:00
2025-10-08 17:40:00+00:00,183.28,-0.0004647667408389863,183.19483734365713,183.4,2025-10-08 17:50:00+00:00
2025-10-08 17:41:00+00:00,183.35,-0.0002934582064682637,183.29620233191372,183.3,2025-10-08 17:51:00+00:00
2025-10-08 17:42:00+00:00,183.25,-0.00031628458551956166,183.1920500145302,183.115,2025-10-08 17:52:00+00:00
2025-10-08 17:43:00+00:00,183.18,-0.0002445307339883455,183.13521233635132,183.115,2025-10-08 17:53:00+00:00
2025-10-08 17:44:00+00:00,183.22,-7.169095763361138e-05,183.20686525356928,183.13,2025-10-08 17:54:00+00:00
2025-10-08 17:45:00+00:00,183.2298,-6.977516183343611e-06,183.22852151556557,183.21,2025-10-08 17:55:00+00:00
2025-10-08 17:46:00+00:00,183.235,-3.122724018341659e-05,183.229278165984,183.175,2025-10-08 17:56:00+00:00
2025-10-08 17:47:00+00:00,183.36,2.9846802946644028e-05,183.36547279146055,183.2,2025-10-08 17:57:00+00:00
2025-10-08 17:48:00+00:00,183.57,-5.9335217885895524e-05,183.5591081571908,183.15,2025-10-08 17:58:00+00:00
2025-10-08 17:49:00+00:00,183.64,-0.00010404602003443997,183.62089398285062,183.31,2025-10-08 17:59:00+00:00
2025-10-08 17:50:00+00:00,183.4,-0.0002855764018002291,183.3476327656889,183.28,2025-10-08 18:00:00+00:00
2025-10-08 17:51:00+00:00,183.3,-0.00030142342241891445,183.24475741279375,182.99,2025-10-08 18:01:00+00:00
2025-10-08 17:52:00+00:00,183.115,-0.0002761272344558223,183.06444394173613,183.035,2025-10-08 18:02:00+00:00
2025-10-08 17:53:00+00:00,183.115,-0.00023345758987788554,183.07225540314894,183.03,2025-10-08 18:03:00+00:00
2025-10-08 17:54:00+00:00,183.13,-0.00010895339812148958,183.11004845111626,183.135,2025-10-08 18:04:00+00:00
2025-10-08 17:55:00+00:00,183.21,-6.631750612122991e-05,183.1978503725745,183.03,2025-10-08 18:05:00+00:00
2025-10-08 17:56:00+00:00,183.175,5.7110260822922464e-05,183.18546147075205,183.0679,2025-10-08 18:06:00+00:00
2025-10-08 17:57:00+00:00,183.2,0.00010360332250225373,183.21898111191857,182.92,2025-10-08 18:07:00+00:00
2025-10-08 17:58:00+00:00,183.15,9.159520477342316e-05,183.1667764300628,182.9664,2025-10-08 18:08:00+00:00
2025-10-08 17:59:00+00:00,183.31,7.199167408912384e-05,183.32319726881832,182.915,2025-10-08 18:09:00+00:00
2025-10-08 18:00:00+00:00,183.28,2.2162763775568895e-05,183.28406203635762,182.91,2025-10-08 18:10:00+00:00
2025-10-08 18:01:00+00:00,182.99,-0.00014569234203978641,182.96334170033236,182.955,2025-10-08 18:11:00+00:00
2025-10-08 18:02:00+00:00,183.035,-0.0001777007348174889,183.00247743573004,182.86,2025-10-08 18:12:00+00:00
2025-10-08 18:03:00+00:00,183.03,-5.888469068128102e-05,183.0192226523781,183.05,2025-10-08 18:13:00+00:00
2025-10-08 18:04:00+00:00,183.135,-7.413908948855566e-05,183.1214230411444,183.055,2025-10-08 18:14:00+00:00
2025-10-08 18:05:00+00:00,183.03,-0.00012978213986797137,183.00624751629738,182.855,2025-10-08 18:15:00+00:00
2025-10-08 18:06:00+00:00,183.0679,-3.625605619039317e-05,183.061262800251,183.11,2025-10-08 18:16:00+00:00
2025-10-08 18:07:00+00:00,182.92,-0.00016990462910381214,182.88892368532393,182.961,2025-10-08 18:17:00+00:00
2025-10-08 18:08:00+00:00,182.9664,-0.0001138872143222986,182.9455636529087,182.83,2025-10-08 18:18:00+00:00
2025-10-08 18:09:00+00:00,182.915,-4.8117805946673535e-05,182.90619874327552,182.77,2025-10-08 18:19:00+00:00
2025-10-08 18:10:00+00:00,182.91,8.473425628938427e-05,182.92549939947364,182.66,2025-10-08 18:20:00+00:00
2025-10-08 18:11:00+00:00,182.955,-1.3316761360755589e-06,182.95475636335476,182.51,2025-10-08 18:21:00+00:00
2025-10-08 18:12:00+00:00,182.86,-3.7021905997730475e-05,182.85323029958366,182.67,2025-10-08 18:22:00+00:00
2025-10-08 18:13:00+00:00,183.05,-0.00023405400175675786,183.00716142844354,182.8841,2025-10-08 18:23:00+00:00
2025-10-08 18:14:00+00:00,183.055,-0.0001594081168659466,183.02582187284403,182.85,2025-10-08 18:24:00+00:00
2025-10-08 18:15:00+00:00,182.855,-0.00015887830840276908,182.82595061463672,182.735,2025-10-08 18:25:00+00:00
2025-10-08 18:16:00+00:00,183.11,-0.00033497240442390664,183.04867347494616,182.925,2025-10-08 18:26:00+00:00
2025-10-08 18:17:00+00:00,182.961,-0.0002477877658437314,182.9156701189004,182.9501,2025-10-08 18:27:00+00:00
2025-10-08 18:18:00+00:00,182.83,-0.0003381076094805989,182.76819423484721,182.82,2025-10-08 18:28:00+00:00
2025-10-08 18:19:00+00:00,182.77,-0.00020733316599940273,182.73210964534962,182.79,2025-10-08 18:29:00+00:00
2025-10-08 18:20:00+00:00,182.66,-0.00013724164446238984,182.63493316136893,182.79,2025-10-08 18:30:00+00:00
2025-10-08 18:21:00+00:00,182.51,-0.0001363805299052216,182.4851108867208,182.77,2025-10-08 18:31:00+00:00
2025-10-08 18:22:00+00:00,182.67,-9.977954150471365e-05,182.65177418045042,182.7707,2025-10-08 18:32:00+00:00
2025-10-08 18:23:00+00:00,182.8841,-4.528032819913355e-05,182.87581913541115,182.86,2025-10-08 18:33:00+00:00
2025-10-08 18:24:00+00:00,182.85,-1.3536995576340281e-06,182.8497524762034,182.83,2025-10-08 18:34:00+00:00
2025-10-08 18:25:00+00:00,182.735,-0.00012183204259728216,182.712738377813,182.92,2025-10-08 18:35:00+00:00
2025-10-08 18:26:00+00:00,182.925,-8.255993482423687e-05,182.9098983473266,183.08,2025-10-08 18:36:00+00:00
2025-10-08 18:27:00+00:00,182.9501,-0.00024317674730719692,182.90561619869473,183.285,2025-10-08 18:37:00+00:00
2025-10-08 18:28:00+00:00,182.82,-0.00030275051475814807,182.76465952849273,183.365,2025-10-08 18:38:00+00:00
2025-10-08 18:29:00+00:00,182.79,-0.0002769694787292484,182.7393797594375,183.28,2025-10-08 18:39:00+00:00
2025-10-08 18:30:00+00:00,182.79,-0.0003550739903875342,182.72510754679,183.1699,2025-10-08 18:40:00+00:00
2025-10-08 18:31:00+00:00,182.77,-0.00024650158050313925,182.72495245850465,183.2,2025-10-08 18:41:00+00:00
2025-10-08 18:32:00+00:00,182.7707,-0.00023446240476513315,182.72785216545685,183.16,2025-10-08 18:42:00+00:00
2025-10-08 18:33:00+00:00,182.86,-0.0001672983509166644,182.82941038241904,183.085,2025-10-08 18:43:00+00:00
2025-10-08 18:34:00+00:00,182.83,-4.297478565497375e-05,182.82214308876448,183.06,2025-10-08 18:44:00+00:00
2025-10-08 18:35:00+00:00,182.92,-9.927288236212128e-05,182.9018419056764,183.0,2025-10-08 18:45:00+00:00
2025-10-08 18:36:00+00:00,183.08,-0.00018721221005040862,183.04572839671536,182.8251,2025-10-08 18:46:00+00:00
2025-10-08 18:37:00+00:00,183.285,-0.0002788300165745579,183.2339017646041,182.725,2025-10-08 18:47:00+00:00
2025-10-08 18:38:00+00:00,183.365,-0.00024151518330509791,183.32071991578485,182.63,2025-10-08 18:48:00+00:00
2025-10-08 18:39:00+00:00,183.28,-0.00028824438917258836,183.22717818151457,182.67,2025-10-08 18:49:00+00:00
2025-10-08 18:40:00+00:00,183.1699,-0.0004024829921124274,183.09619206467326,182.6076,2025-10-08 18:50:00+00:00
2025-10-08 18:41:00+00:00,183.2,-0.0003899585666857398,183.12857351817254,182.691,2025-10-08 18:51:00+00:00
2025-10-08 18:42:00+00:00,183.16,-0.0002810947633523156,183.10852191859288,182.73,2025-10-08 18:52:00+00:00
2025-10-08 18:43:00+00:00,183.085,-0.00020041642266471836,183.04831043597483,182.67,2025-10-08 18:53:00+00:00
2025-10-08 18:44:00+00:00,183.06,-7.097220693060476e-05,183.04700828882994,182.76,2025-10-08 18:54:00+00:00
2025-10-08 18:45:00+00:00,183.0,4.156720825969317e-05,183.00760695721044,182.87,2025-10-08 18:55:00+00:00
2025-10-08 18:46:00+00:00,182.8251,7.129585559506073e-05,182.83813513659882,182.8231,2025-10-08 18:56:00+00:00
2025-10-08 18:47:00+00:00,182.725,0.0002490270439410004,182.77050913287133,182.8,2025-10-08 18:57:00+00:00
2025-10-08 18:48:00+00:00,182.63,0.00038201132474690507,182.6997800557757,182.8196,2025-10-08 18:58:00+00:00
2025-10-08 18:49:00+00:00,182.67,0.0003861437579681326,182.74055050070913,182.78,2025-10-08 18:59:00+00:00
2025-10-08 18:50:00+00:00,182.6076,0.00035498687420701267,182.67243480820252,182.74,2025-10-08 19:00:00+00:00
2025-10-08 18:51:00+00:00,182.691,0.00031095342197425723,182.74781722491133,182.775,2025-10-08 19:01:00+00:00
2025-10-08 18:52:00+00:00,182.73,0.0002738206443515626,182.78004209730935,182.805,2025-10-08 19:02:00+00:00
2025-10-08 18:53:00+00:00,182.67,0.0002205538903366138,182.71029302237585,183.1,2025-10-08 19:03:00+00:00
2025-10-08 18:54:00+00:00,182.76,5.171540753871331e-05,182.76945175228028,182.965,2025-10-08 19:04:00+00:00
2025-10-08 18:55:00+00:00,182.87,-0.00011247072015989672,182.84943363598293,182.91,2025-10-08 19:05:00+00:00
2025-10-08 18:56:00+00:00,182.8231,-0.0001990706797137391,182.78670890353595,182.9672,2025-10-08 19:06:00+00:00
2025-10-08 18:57:00+00:00,182.8,-0.00022220433553692468,182.7593855599833,183.11,2025-10-08 19:07:00+00:00
2025-10-08 18:58:00+00:00,182.8196,-0.0001927170967080726,182.78437093219756,183.015,2025-10-08 19:08:00+00:00
2025-10-08 18:59:00+00:00,182.78,-0.00015900588327378868,182.75093921513434,182.935,2025-10-08 19:09:00+00:00
2025-10-08 19:00:00+00:00,182.74,-0.00013329908696875774,182.71564254829644,182.89,2025-10-08 19:10:00+00:00
2025-10-08 19:01:00+00:00,182.775,-7.321089393751983e-06,182.77366189278428,182.84,2025-10-08 19:11:00+00:00
2025-10-08 19:02:00+00:00,182.805,4.64870079923707e-05,182.81349825502375,182.84,2025-10-08 19:12:00+00:00
2025-10-08 19:03:00+00:00,183.1,-0.00011751840204545973,183.07848364489408,182.915,2025-10-08 19:13:00+00:00
2025-10-08 19:04:00+00:00,182.965,2.3919921324870873e-05,182.9693765607485,183.0704,2025-10-08 19:14:00+00:00
2025-10-08 19:05:00+00:00,182.91,4.3655639452626e-05,182.91798522731108,183.21,2025-10-08 19:15:00+00:00
2025-10-08 19:06:00+00:00,182.9672,7.489950702331449e-05,182.9809046663114,183.27,2025-10-08 19:16:00+00:00
2025-10-08 19:07:00+00:00,183.11,5.919357986086476e-06,183.11108389684884,183.2797,2025-10-08 19:17:00+00:00
2025-10-08 19:08:00+00:00,183.015,-0.000132314553851778,182.99078605389087,183.24,2025-10-08 19:18:00+00:00
2025-10-08 19:09:00+00:00,182.935,-0.00024405931917840764,182.8903584562601,183.175,2025-10-08 19:19:00+00:00
2025-10-08 19:10:00+00:00,182.89,-7.677256469960669e-05,182.87595960460754,183.07,2025-10-08 19:20:00+00:00
2025-10-08 19:11:00+00:00,182.84,-8.310323903370697e-05,182.8248060351177,182.995,2025-10-08 19:21:00+00:00
2025-10-08 19:12:00+00:00,182.84,-9.253455804173506e-05,182.82308176418047,183.0201,2025-10-08 19:22:00+00:00
2025-10-08 19:13:00+00:00,182.915,-3.066501914150044e-05,182.9093909940243,183.155,2025-10-08 19:23:00+00:00
2025-10-08 19:14:00+00:00,183.0704,-8.51842942510014e-05,183.05480594137163,183.23,2025-10-08 19:24:00+00:00
2025-10-08 19:15:00+00:00,183.21,-9.386444846685607e-05,183.19280390146017,183.27,2025-10-08 19:25:00+00:00
2025-10-08 19:16:00+00:00,183.27,-0.0001545417826824029,183.24167931590867,183.33,2025-10-08 19:26:00+00:00
2025-10-08 19:17:00+00:00,183.2797,-0.00023793812322370152,183.23609595989444,183.3206,2025-10-08 19:27:00+00:00
2025-10-08 19:18:00+00:00,183.24,-0.00015531584894661347,183.21154213387504,183.36,2025-10-08 19:28:00+00:00
2025-10-08 19:19:00+00:00,183.175,-0.00023961946665722322,183.13111296249932,183.39,2025-10-08 19:29:00+00:00
2025-10-08 19:20:00+00:00,183.07,-0.00033760809728654637,183.00820451754433,183.41,2025-10-08 19:30:00+00:00
2025-10-08 19:21:00+00:00,182.995,-0.0003290673421953498,182.93479222846395,183.4101,2025-10-08 19:31:00+00:00
2025-10-08 19:22:00+00:00,183.0201,-0.00012512515684765972,182.99720101393072,183.3793,2025-10-08 19:32:00+00:00
2025-10-08 19:23:00+00:00,183.155,-2.635895740320643e-05,183.1501722887838,183.34,2025-10-08 19:33:00+00:00
2025-10-08 19:24:00+00:00,183.23,0.00011137938002183154,183.25040918036123,183.33,2025-10-08 19:34:00+00:00
2025-10-08 19:25:00+00:00,183.27,0.00012056074166238519,183.29209649908287,183.41,2025-10-08 19:35:00+00:00
2025-10-08 19:26:00+00:00,183.33,3.8423521068728836e-05,183.33704431945046,183.365,2025-10-08 19:36:00+00:00
2025-10-08 19:27:00+00:00,183.3206,7.587817152285178e-05,183.3345105596777,183.31,2025-10-08 19:37:00+00:00
2025-10-08 19:28:00+00:00,183.36,3.48105793077208e-05,183.3663829789188,183.19,2025-10-08 19:38:00+00:00
2025-10-08 19:29:00+00:00,183.39,-5.571127218726633e-07,183.3898978311264,183.1084,2025-10-08 19:39:00+00:00
2025-10-08 19:30:00+00:00,183.41,-5.1357537351868666e-05,183.40058075595095,182.96,2025-10-08 19:40:00+00:00
2025-10-08 19:31:00+00:00,183.4101,-0.00011743065347947144,183.38856329666157,182.89,2025-10-08 19:41:00+00:00
2025-10-08 19:32:00+00:00,183.3793,-9.592116085921177e-05,183.36171088826396,182.91,2025-10-08 19:42:00+00:00
2025-10-08 19:33:00+00:00,183.34,-9.129941886180296e-05,183.3232619286456,182.955,2025-10-08 19:43:00+00:00
2025-10-08 19:34:00+00:00,183.33,2.2051823938923243e-05,183.33404280545818,183.0231,2025-10-08 19:44:00+00:00
2025-10-08 19:35:00+00:00,183.41,4.312507666042709e-05,183.41790974086314,183.04,2025-10-08 19:45:00+00:00
2025-10-08 19:36:00+00:00,183.365,0.00016657180549037374,183.3955459830929,183.1,2025-10-08 19:46:00+00:00
2025-10-08 19:37:00+00:00,183.31,0.00016253205579786392,183.33979617249932,183.095,2025-10-08 19:47:00+00:00
2025-10-08 19:38:00+00:00,183.19,0.00014569694971687807,183.2166921686552,183.141,2025-10-08 19:48:00+00:00
2025-10-08 19:39:00+00:00,183.1084,0.0001594174590661156,183.137593002737,183.23,2025-10-08 19:49:00+00:00
2025-10-08 19:40:00+00:00,182.96,7.920519304166062e-05,182.97449195603042,183.14,2025-10-08 19:50:00+00:00
2025-10-08 19:41:00+00:00,182.89,0.00011164052118478409,182.91041907469634,183.22,2025-10-08 19:51:00+00:00
2025-10-08 19:42:00+00:00,182.91,8.880707116612726e-05,182.92624442268612,183.395,2025-10-08 19:52:00+00:00
2025-10-08 19:43:00+00:00,182.955,0.0001336595932652342,182.97945532519384,183.4898,2025-10-08 19:53:00+00:00
2025-10-08 19:44:00+00:00,183.0231,0.00010302861688144038,183.04195758826927,183.53,2025-10-08 19:54:00+00:00
2025-10-08 19:45:00+00:00,183.04,8.914655856086816e-05,183.05631811342,183.575,2025-10-08 19:55:00+00:00
2025-10-08 19:46:00+00:00,183.1,3.4950393804133884e-05,183.1063995289379,183.471,2025-10-08 19:56:00+00:00
2025-10-08 19:47:00+00:00,183.095,-4.592998503017777e-05,183.08659064251322,183.7099,2025-10-08 19:57:00+00:00
2025-10-08 19:48:00+00:00,183.141,-0.00016547791572784764,183.11069671636693,183.61,2025-10-08 19:58:00+00:00
2025-10-08 19:49:00+00:00,183.23,-0.0003133252973975178,183.17259839891432,183.54,2025-10-08 19:59:00+00:00
2025-10-08 19:50:00+00:00,183.14,-0.00040693183207849586,183.06548966561476,183.5,2025-10-08 20:00:00+00:00
2025-10-08 19:51:00+00:00,183.22,-0.00034011622437490305,183.1576945015261,183.56,2025-10-08 20:01:00+00:00
2025-10-08 19:52:00+00:00,183.395,-0.0002966641626506446,183.34060134535534,183.56,2025-10-08 20:02:00+00:00
2025-10-08 19:53:00+00:00,183.4898,-0.0003068004844933224,183.4335138752071,183.63,2025-10-08 20:03:00+00:00
2025-10-08 19:54:00+00:00,183.53,-0.0002686119130021635,183.4807082760752,183.6,2025-10-08 20:04:00+00:00
2025-10-08 19:55:00+00:00,183.575,-0.00023016161824986688,183.53275294294178,183.5616,2025-10-08 20:05:00+00:00
2025-10-08 19:56:00+00:00,183.471,-0.00017053981498256775,183.43971355747323,183.5,2025-10-08 20:06:00+00:00
2025-10-08 19:57:00+00:00,183.7099,-0.00024180108165168095,183.6654841175905,183.4,2025-10-08 20:07:00+00:00
2025-10-08 19:58:00+00:00,183.61,-7.233959994992966e-05,183.5967182064588,183.45,2025-10-08 20:08:00+00:00
2025-10-08 19:59:00+00:00,183.54,-6.506958038391822e-05,183.52805751776668,183.4019,2025-10-08 20:09:00+00:00
2025-10-08 20:00:00+00:00,183.5,0.0002447989401740255,183.54492610422892,183.4,2025-10-08 20:10:00+00:00
2025-10-08 20:01:00+00:00,183.56,0.00037220929392665485,183.62833545474993,183.5,2025-10-08 20:11:00+00:00
2025-10-08 20:02:00+00:00,183.56,0.0003381041850638354,183.62207289717216,183.4016,2025-10-08 20:12:00+00:00
2025-10-08 20:03:00+00:00,183.63,0.0003059453630462957,183.68618934201223,183.4,2025-10-08 20:13:00+00:00
2025-10-08 20:04:00+00:00,183.6,0.0003853036973819048,183.67075538912047,183.35,2025-10-08 20:14:00+00:00
2025-10-08 20:05:00+00:00,183.5616,0.0002789484290935344,183.61281136229437,183.3937,2025-10-08 20:15:00+00:00
2025-10-08 20:06:00+00:00,183.5,0.00019107637545260253,183.53506586491807,183.35,2025-10-08 20:16:00+00:00
2025-10-08 20:07:00+00:00,183.4,0.00020132611867501604,183.43692692721774,183.36,2025-10-08 20:17:00+00:00
2025-10-08 20:08:00+00:00,183.45,0.0001910662788617334,183.48505445761293,183.3017,2025-10-08 20:18:00+00:00
2025-10-08 20:09:00+00:00,183.4019,0.0001517332725828256,183.4297302818214,183.2507,2025-10-08 20:19:00+00:00
2025-10-08 20:10:00+00:00,183.4,0.00010468153099287286,183.4191995976882,183.3,2025-10-08 20:20:00+00:00
2025-10-08 20:11:00+00:00,183.5,-4.396891580877865e-05,183.4919318813236,183.56,2025-10-08 20:21:00+00:00
2025-10-08 20:12:00+00:00,183.4016,-2.3056591082698104e-05,183.39737143305325,183.3587,2025-10-08 20:22:00+00:00
2025-10-08 20:13:00+00:00,183.4,-4.068953794928808e-05,183.3925376905601,183.36,2025-10-08 20:23:00+00:00
2025-10-08 20:14:00+00:00,183.35,-8.049047271906154e-05,183.33524266574733,183.32,2025-10-08 20:24:00+00:00
2025-10-08 20:15:00+00:00,183.3937,-5.1350644958835865e-05,183.38428285701386,183.31,2025-10-08 20:25:00+00:00
2025-10-08 20:16:00+00:00,183.35,-0.00011066278527778417,183.32971110095306,183.31,2025-10-08 20:26:00+00:00
2025-10-08 20:17:00+00:00,183.36,-0.00010671096583204488,183.3404345212492,183.4,2025-10-08 20:27:00+00:00
2025-10-08 20:18:00+00:00,183.3017,-0.00010551826111557492,183.28235934377065,183.45,2025-10-08 20:28:00+00:00
2025-10-08 20:19:00+00:00,183.2507,-0.00015254101154638122,183.2227488847553,183.4,2025-10-08 20:29:00+00:00
2025-10-08 20:20:00+00:00,183.3,-0.0001390849523687237,183.2745075010834,183.45,2025-10-08 20:30:00+00:00
2025-10-08 20:21:00+00:00,183.56,-0.0006904570625089992,183.43330344590447,183.44,2025-10-08 20:31:00+00:00
2025-10-08 20:22:00+00:00,183.3587,-0.0001762632683110057,183.32638344445925,183.38,2025-10-08 20:32:00+00:00
2025-10-08 20:23:00+00:00,183.36,-0.00015619362649270862,183.33136257319632,183.361,2025-10-08 20:33:00+00:00
2025-10-08 20:24:00+00:00,183.32,-0.00010292102310321311,183.30113348894167,183.44,2025-10-08 20:34:00+00:00
2025-10-08 20:25:00+00:00,183.31,-0.00010236412991612312,183.29123659171142,183.44,2025-10-08 20:35:00+00:00
2025-10-08 20:26:00+00:00,183.31,-6.627728975029636e-05,183.297851112618,183.45,2025-10-08 20:36:00+00:00
2025-10-08 20:27:00+00:00,183.4,3.6012827356863257e-06,183.40066047644302,183.45,2025-10-08 20:37:00+00:00
2025-10-08 20:28:00+00:00,183.45,-1.345804547140101e-05,183.4475311381713,183.5,2025-10-08 20:38:00+00:00
2025-10-08 20:29:00+00:00,183.4,-0.00016399813445573902,183.3699252083131,183.4089,2025-10-08 20:39:00+00:00
2025-10-08 20:30:00+00:00,183.45,-0.0001294078759109263,183.42626166116128,183.43,2025-10-08 20:40:00+00:00
2025-10-08 20:31:00+00:00,183.44,-3.96799231810478e-05,183.43272125930255,183.4238,2025-10-08 20:41:00+00:00
2025-10-08 20:32:00+00:00,183.38,-0.0001179027660785065,183.3583802652948,183.4001,2025-10-08 20:42:00+00:00
2025-10-08 20:35:00+00:00,183.361,-0.00011393043719883229,183.34011079108572,183.4001,2025-10-08 20:45:00+00:00
2025-10-08 20:36:00+00:00,183.44,-6.154278243928285e-05,183.428710939373,183.2706,2025-10-08 20:46:00+00:00
2025-10-08 20:37:00+00:00,183.44,-0.00016455058316750107,183.4098173243803,183.25,2025-10-08 20:47:00+00:00
2025-10-08 20:38:00+00:00,183.45,3.269920796324548e-05,183.45599876777777,183.36,2025-10-08 20:48:00+00:00
2025-10-08 20:39:00+00:00,183.45,-1.1600745769576692e-07,183.4499787184331,183.2525,2025-10-08 20:49:00+00:00
2025-10-08 20:40:00+00:00,183.5,3.899455942164811e-05,183.50715564116848,183.3,2025-10-08 20:50:00+00:00
2025-10-08 20:42:00+00:00,183.4089,-0.0001373598269099653,183.3837087154171,183.31,2025-10-08 20:52:00+00:00
2025-10-08 20:43:00+00:00,183.43,-0.00011136446851451615,183.4095735529517,183.35,2025-10-08 20:53:00+00:00
2025-10-08 20:45:00+00:00,183.4238,-0.00016866312476119963,183.39286577754106,183.4434,2025-10-08 20:55:00+00:00
2025-10-08 20:46:00+00:00,183.4001,-0.00030820506967003735,183.34358386912842,183.45,2025-10-08 20:56:00+00:00
2025-10-08 20:47:00+00:00,183.4001,-0.0002711498001674664,183.35037784091568,183.4,2025-10-08 20:57:00+00:00
2025-10-08 20:48:00+00:00,183.2706,-0.0003058230445344766,183.21456019670276,183.38,2025-10-08 20:58:00+00:00
2025-10-08 20:49:00+00:00,183.25,-0.00025302638286190705,183.2036387808937,183.35,2025-10-08 20:59:00+00:00
2025-10-08 20:50:00+00:00,183.36,-8.053345642122376e-05,183.34523398001792,183.43,2025-10-08 21:00:00+00:00
2025-10-08 20:51:00+00:00,183.2525,-0.00022369970251859657,183.21151105504254,183.32,2025-10-08 21:01:00+00:00
2025-10-08 20:53:00+00:00,183.3,-0.0002453852191800884,183.2550264074774,183.3,2025-10-08 21:03:00+00:00
2025-10-08 20:54:00+00:00,183.31,-0.0001342340305892018,183.28539521128963,183.3187,2025-10-08 21:04:00+00:00
2025-10-08 20:55:00+00:00,183.35,-7.943587375316254e-05,183.3354360110066,183.36,2025-10-08 21:05:00+00:00
2025-10-08 20:56:00+00:00,183.4434,-0.00023635441660315538,183.4000474656966,183.3599,2025-10-08 21:06:00+00:00
2025-10-08 20:57:00+00:00,183.45,-0.0002856199671529934,183.3976104991257,183.31,2025-10-08 21:07:00+00:00
2025-10-08 20:58:00+00:00,183.4,-0.00033601404120462406,183.33838537711202,183.31,2025-10-08 21:08:00+00:00
2025-10-08 20:59:00+00:00,183.38,-0.000413023482938355,183.30427539279574,183.3,2025-10-08 21:09:00+00:00
2025-10-08 21:00:00+00:00,183.35,-0.00040172885659641,183.2763578072304,183.36,2025-10-08 21:10:00+00:00
2025-10-08 21:01:00+00:00,183.43,-0.00033217143009529697,183.36907991309397,183.3475,2025-10-08 21:11:00+00:00
2025-10-08 21:02:00+00:00,183.32,-0.00037410370106769026,183.2514321360658,183.35,2025-10-08 21:12:00+00:00
2025-10-08 21:03:00+00:00,183.3,-0.00023998996234330077,183.25601511807866,183.29,2025-10-08 21:13:00+00:00
2025-10-08 21:04:00+00:00,183.3187,-0.00018163910445331372,183.28540517941468,183.3,2025-10-08 21:14:00+00:00
2025-10-08 21:05:00+00:00,183.36,-0.0001627543492681464,183.33015979089598,183.25,2025-10-08 21:15:00+00:00
2025-10-08 21:06:00+00:00,183.3599,-0.00017161320272190934,183.32843572023037,183.24,2025-10-08 21:16:00+00:00
2025-10-08 21:07:00+00:00,183.31,-0.00017716899835666276,183.27752602768678,183.25,2025-10-08 21:17:00+00:00
2025-10-08 21:08:00+00:00,183.31,-0.00014029550256087217,183.28428423537082,183.25,2025-10-08 21:18:00+00:00
2025-10-08 21:10:00+00:00,183.3,-0.00018123204904378474,183.2667831754778,183.29,2025-10-08 21:20:00+00:00
2025-10-08 21:11:00+00:00,183.36,-0.00025329519882148326,183.31356167389492,183.2102,2025-10-08 21:21:00+00:00
2025-10-08 21:12:00+00:00,183.3475,-0.0002626493712749933,183.29935021793196,183.2,2025-10-08 21:22:00+00:00
2025-10-08 21:14:00+00:00,183.35,-0.00024244570762512987,183.30555296772076,183.185,2025-10-08 21:24:00+00:00
2025-10-08 21:15:00+00:00,183.29,-0.00034394982750204244,183.22696827661375,183.2,2025-10-08 21:25:00+00:00
2025-10-08 21:16:00+00:00,183.3,-0.00031034695958273925,183.2431222286867,183.2,2025-10-08 21:26:00+00:00
2025-10-08 21:17:00+00:00,183.25,-0.0004982866344964273,183.15871171998225,183.18,2025-10-08 21:27:00+00:00
2025-10-08 21:18:00+00:00,183.24,-0.00033091754705957593,183.1793727005487,183.19,2025-10-08 21:28:00+00:00
2025-10-08 21:19:00+00:00,183.25,-0.00028587006576120044,183.19762179748608,183.23,2025-10-08 21:29:00+00:00
2025-10-08 21:20:00+00:00,183.25,-0.0002970436559378924,183.19557483377474,183.2,2025-10-08 21:30:00+00:00
2025-10-08 21:21:00+00:00,183.29,-0.00026062747239715485,183.24223581518407,183.23,2025-10-08 21:31:00+00:00
2025-10-08 21:22:00+00:00,183.2102,-0.0003273724544673621,183.15023184363938,183.23,2025-10-08 21:32:00+00:00
2025-10-08 21:23:00+00:00,183.2,-0.00034808207185035606,183.1362424615088,183.23,2025-10-08 21:33:00+00:00
2025-10-08 21:25:00+00:00,183.185,-0.0002975707889419399,183.13049760459026,183.25,2025-10-08 21:35:00+00:00
2025-10-08 21:26:00+00:00,183.2,-0.0002979376858056991,183.14542594619772,183.2107,2025-10-08 21:36:00+00:00
2025-10-08 21:27:00+00:00,183.2,-0.00040526082618103055,183.12577125866005,183.25,2025-10-08 21:37:00+00:00
2025-10-08 21:29:00+00:00,183.18,-0.00040471392374996705,183.10587950325774,183.21,2025-10-08 21:39:00+00:00
2025-10-08 21:30:00+00:00,183.19,-0.0005142307696027438,183.09582228193202,183.25,2025-10-08 21:40:00+00:00
2025-10-08 21:32:00+00:00,183.23,-0.00022797741447377315,183.1882324595548,183.29,2025-10-08 21:42:00+00:00
2025-10-08 21:33:00+00:00,183.2,-0.00033019231005480864,183.1395187545685,183.3,2025-10-08 21:43:00+00:00
2025-10-08 21:34:00+00:00,183.23,-0.0002473238715209082,183.1846884505661,183.29,2025-10-08 21:44:00+00:00
2025-10-08 21:35:00+00:00,183.23,-0.0002618392982613605,183.1820294659391,183.2207,2025-10-08 21:45:00+00:00
2025-10-08 21:36:00+00:00,183.23,-0.0003453836295295448,183.16672628504293,183.2422,2025-10-08 21:46:00+00:00
2025-10-08 21:38:00+00:00,183.25,-0.00033778169119485786,183.18811195800072,183.25,2025-10-08 21:48:00+00:00
2025-10-08 21:39:00+00:00,183.2107,-0.0003523752844844376,183.14615245061535,183.22,2025-10-08 21:49:00+00:00
2025-10-08 21:40:00+00:00,183.25,-0.00013363981329843463,183.22551214052598,183.18,2025-10-08 21:50:00+00:00
2025-10-08 21:43:00+00:00,183.21,-0.0002635163589852596,183.1617275284426,183.2,2025-10-08 21:53:00+00:00
2025-10-08 21:47:00+00:00,183.25,-0.0001600008098638821,183.2206821970911,183.3,2025-10-08 21:57:00+00:00
2025-10-08 21:49:00+00:00,183.29,-9.357742727216776e-05,183.2728489958412,183.25,2025-10-08 21:59:00+00:00
2025-10-08 21:51:00+00:00,183.3,-0.00010076554276845005,183.2815306065654,183.26,2025-10-08 22:01:00+00:00
2025-10-08 21:52:00+00:00,183.29,-0.00010060764164694046,183.27156055295274,183.3,2025-10-08 22:02:00+00:00
2025-10-08 21:53:00+00:00,183.2207,-0.0002524026209030829,183.17446045085347,183.2184,2025-10-08 22:03:00+00:00
2025-10-08 21:54:00+00:00,183.2422,-0.00029108263300703385,183.1888691401661,183.22,2025-10-08 22:04:00+00:00
2025-10-08 21:55:00+00:00,183.25,-0.0001630618684708876,183.22012134870326,183.2556,2025-10-08 22:05:00+00:00
2025-10-08 21:56:00+00:00,183.22,-0.0002577777084964869,183.1727760551509,183.3,2025-10-08 22:06:00+00:00
2025-10-08 21:58:00+00:00,183.18,-0.0003515284233485729,183.1156183400657,183.25,2025-10-08 22:08:00+00:00
2025-10-08 21:59:00+00:00,183.2,-0.00027345601357901567,183.1499097073703,183.34,2025-10-08 22:09:00+00:00
2025-10-08 22:00:00+00:00,183.3,-0.00019595551466772607,183.26408487315993,183.3026,2025-10-08 22:10:00+00:00
2025-10-08 22:01:00+00:00,183.25,-0.00017586258740526098,183.21777601443776,183.3599,2025-10-08 22:11:00+00:00
2025-10-08 22:02:00+00:00,183.26,-0.00020837992585793797,183.2218162732865,183.36,2025-10-08 22:12:00+00:00
2025-10-08 22:03:00+00:00,183.3,-0.00011932597983677172,183.27812885281992,183.251,2025-10-08 22:13:00+00:00
2025-10-08 22:06:00+00:00,183.2184,-0.00032145024659114283,183.15951386512833,183.25,2025-10-08 22:16:00+00:00
2025-10-08 22:07:00+00:00,183.22,-0.00037793990232012345,183.15076693488993,183.32,2025-10-08 22:17:00+00:00
2025-10-08 22:09:00+00:00,183.2556,-0.00022067927726464038,183.21516374852277,183.32,2025-10-08 22:19:00+00:00
2025-10-08 22:10:00+00:00,183.3,-0.00023025762461528125,183.25779863618737,183.35,2025-10-08 22:20:00+00:00
2025-10-08 22:11:00+00:00,183.25,-0.00022688160238978303,183.20842866242626,183.3996,2025-10-08 22:21:00+00:00
2025-10-08 22:12:00+00:00,183.34,-0.00017626997126020248,183.3076855115898,183.38,2025-10-08 22:22:00+00:00
2025-10-08 22:13:00+00:00,183.3026,-0.00023647878478943378,183.25925794884304,183.39,2025-10-08 22:23:00+00:00
2025-10-08 22:14:00+00:00,183.3599,-0.00021468314268470933,183.32053994554693,183.4,2025-10-08 22:24:00+00:00
2025-10-08 22:15:00+00:00,183.36,-9.416868936500075e-05,183.34273404208713,183.4,2025-10-08 22:25:00+00:00
2025-10-08 22:16:00+00:00,183.251,-0.0003453634052375031,183.1877227380811,183.4,2025-10-08 22:26:00+00:00
2025-10-08 22:18:00+00:00,183.25,-0.0002629978917394655,183.20181197329123,183.42,2025-10-08 22:28:00+00:00
2025-10-08 22:19:00+00:00,183.32,-9.267177265524596e-05,183.30301219779386,183.4887,2025-10-08 22:29:00+00:00
2025-10-08 22:20:00+00:00,183.32,-8.615616758761187e-05,183.30420653171996,183.479,2025-10-08 22:30:00+00:00
2025-10-08 22:23:00+00:00,183.35,-8.736316728188199e-05,183.3339826629517,183.45,2025-10-08 22:33:00+00:00
2025-10-08 22:24:00+00:00,183.3996,-5.60971234044231e-05,183.38931209857,183.4568,2025-10-08 22:34:00+00:00
2025-10-08 22:26:00+00:00,183.38,-8.965325029674784e-05,183.36356012391576,183.4882,2025-10-08 22:36:00+00:00
2025-10-08 22:27:00+00:00,183.39,-0.0001231659709989818,183.36741398352135,183.4898,2025-10-08 22:37:00+00:00
2025-10-08 22:28:00+00:00,183.4,-0.0001137093487049172,183.3791468910667,183.4,2025-10-08 22:38:00+00:00
2025-10-08 22:29:00+00:00,183.4,-8.025919404389626e-05,183.3852810544856,183.49,2025-10-08 22:39:00+00:00
2025-10-08 22:31:00+00:00,183.4,-0.00015053880895248044,183.37239326043309,183.44,2025-10-08 22:41:00+00:00
2025-10-08 22:32:00+00:00,183.42,-4.4401186469026686e-05,183.41185611517827,183.46,2025-10-08 22:42:00+00:00
2025-10-08 22:33:00+00:00,183.4887,-7.699388471653195e-05,183.47457303603733,183.49,2025-10-08 22:43:00+00:00
2025-10-08 22:34:00+00:00,183.479,-9.97969512971048e-05,183.46069026881585,183.46,2025-10-08 22:44:00+00:00
2025-10-08 22:35:00+00:00,183.45,2.610051770928039e-05,183.45478820246075,183.45,2025-10-08 22:45:00+00:00
2025-10-08 22:36:00+00:00,183.4568,-5.656902605557368e-06,183.4557622056854,183.46,2025-10-08 22:46:00+00:00
2025-10-08 22:39:00+00:00,183.4882,2.068290272376449e-05,183.49199510783836,183.38,2025-10-08 22:49:00+00:00
2025-10-08 22:40:00+00:00,183.4898,3.074700618227623e-06,183.49036417706887,183.46,2025-10-08 22:50:00+00:00
2025-10-08 22:41:00+00:00,183.4,-0.00012452753460539487,183.37716307209604,183.54,2025-10-08 22:51:00+00:00
2025-10-08 22:42:00+00:00,183.49,-1.3246961145932308e-06,183.48975693167094,183.5,2025-10-08 22:52:00+00:00
2025-10-08 22:43:00+00:00,183.44,-6.432578364378503e-05,183.42820045775986,183.55,2025-10-08 22:53:00+00:00
2025-10-08 22:44:00+00:00,183.46,-0.00013293206562024962,183.43561390412427,183.5,2025-10-08 22:54:00+00:00
2025-10-08 22:45:00+00:00,183.49,-8.937783288012837e-05,183.4736007943185,183.53,2025-10-08 22:55:00+00:00
2025-10-08 22:47:00+00:00,183.46,-0.00011721746913004122,183.4384965434284,183.55,2025-10-08 22:57:00+00:00
2025-10-08 22:48:00+00:00,183.45,-0.00018179641074360224,183.41665247977065,183.5005,2025-10-08 22:58:00+00:00
2025-10-08 22:50:00+00:00,183.46,-0.00012917289133625832,183.43630347186294,183.53,2025-10-08 23:00:00+00:00
2025-10-08 22:51:00+00:00,183.38,-0.0003577872723142408,183.31440070599905,183.5542,2025-10-08 23:01:00+00:00
2025-10-08 22:53:00+00:00,183.46,-0.00028263155808804126,183.40815574111014,183.56,2025-10-08 23:03:00+00:00
2025-10-08 22:54:00+00:00,183.54,-0.00036554060530517607,183.47292093810964,183.53,2025-10-08 23:04:00+00:00
2025-10-08 22:55:00+00:00,183.5,-0.00015147555965765684,183.47220633988607,183.5,2025-10-08 23:05:00+00:00
2025-10-08 22:56:00+00:00,183.55,-0.00020314229727571778,183.51271701833855,183.52,2025-10-08 23:06:00+00:00
2025-10-08 22:57:00+00:00,183.5,-0.00017455058231672277,183.4679727634126,183.56,2025-10-08 23:07:00+00:00
2025-10-08 22:58:00+00:00,183.53,-0.00011224876794366517,183.5094001397954,183.57,2025-10-08 23:08:00+00:00
2025-10-08 22:59:00+00:00,183.55,-0.00019047992466910573,183.51504073945134,183.55,2025-10-08 23:09:00+00:00
2025-10-08 23:00:00+00:00,183.5005,-0.00015396915136950466,183.47224875870475,183.5156,2025-10-08 23:10:00+00:00
2025-10-08 23:02:00+00:00,183.53,-0.00013412798406537205,183.50538514189202,183.5986,2025-10-08 23:12:00+00:00
2025-10-08 23:03:00+00:00,183.5542,-9.01436552226372e-05,183.5376544992277,183.59,2025-10-08 23:13:00+00:00
2025-10-08 23:04:00+00:00,183.56,-5.221306031335755e-05,183.5504160208555,183.56,2025-10-08 23:14:00+00:00
2025-10-08 23:07:00+00:00,183.53,-0.0001083619558673132,183.51011340773414,183.57,2025-10-08 23:17:00+00:00
2025-10-08 23:11:00+00:00,183.5,-0.0001397265700932274,183.47436196558692,183.6,2025-10-08 23:21:00+00:00
2025-10-08 23:13:00+00:00,183.52,-8.006862137907861e-05,183.50530639486072,183.51,2025-10-08 23:23:00+00:00
2025-10-08 23:15:00+00:00,183.56,-0.00016818909167591806,183.52912980641963,183.49,2025-10-08 23:25:00+00:00
2025-10-08 23:16:00+00:00,183.57,-0.00014040927472311847,183.54422687887404,183.5416,2025-10-08 23:26:00+00:00
2025-10-08 23:17:00+00:00,183.55,-8.154962763975235e-05,183.53503217616526,183.6,2025-10-08 23:27:00+00:00
2025-10-08 23:18:00+00:00,183.5156,-0.00019015656978319353,183.4807066207101,183.6,2025-10-08 23:28:00+00:00
2025-10-08 23:20:00+00:00,183.5986,-1.124952212600999e-05,183.59653461510433,183.6,2025-10-08 23:30:00+00:00
2025-10-08 23:21:00+00:00,183.59,-0.00015734145335751366,183.5611159549665,183.6,2025-10-08 23:31:00+00:00
2025-10-08 23:22:00+00:00,183.56,-0.00022593850004281186,183.51853141378362,183.64,2025-10-08 23:32:00+00:00
2025-10-08 23:23:00+00:00,183.57,-0.00013738312740814115,183.5447823115838,183.64,2025-10-08 23:33:00+00:00
2025-10-08 23:24:00+00:00,183.6,-0.00011493604647467105,183.57889895452584,183.64,2025-10-08 23:34:00+00:00
2025-10-08 23:25:00+00:00,183.51,-0.0003475797456653188,183.4462267246644,183.64,2025-10-08 23:35:00+00:00
2025-10-08 23:26:00+00:00,183.49,-0.0003300417137034807,183.42945063840972,183.65,2025-10-08 23:36:00+00:00
2025-10-08 23:27:00+00:00,183.5416,-0.00016873543987605598,183.51063264010747,183.64,2025-10-08 23:37:00+00:00
2025-10-08 23:29:00+00:00,183.6,-9.279871924249964e-05,183.5829629456677,183.6391,2025-10-08 23:39:00+00:00
2025-10-08 23:30:00+00:00,183.6,-0.00015668560251149983,183.57123477698588,183.6306,2025-10-08 23:40:00+00:00
2025-10-08 23:31:00+00:00,183.6,-0.00016906775529004238,183.5689617839834,183.6301,2025-10-08 23:41:00+00:00
2025-10-08 23:32:00+00:00,183.6,-0.0001556876039668596,183.57141798090245,183.63,2025-10-08 23:42:00+00:00
2025-10-08 23:33:00+00:00,183.64,-0.0001199708518941452,183.61796987427104,183.63,2025-10-08 23:43:00+00:00
2025-10-08 23:34:00+00:00,183.64,-0.00014586977899812216,183.61321442743503,183.6399,2025-10-08 23:44:00+00:00
2025-10-08 23:35:00+00:00,183.64,-0.000224401295719419,183.59879556939077,183.64,2025-10-08 23:45:00+00:00
2025-10-08 23:36:00+00:00,183.64,-0.0001976353568871759,183.60370982928976,183.6,2025-10-08 23:46:00+00:00
2025-10-08 23:37:00+00:00,183.65,-0.0001875304833951723,183.61556325579505,183.65,2025-10-08 23:47:00+00:00
2025-10-08 23:38:00+00:00,183.64,-0.00019440155370613067,183.6043035685107,183.65,2025-10-08 23:48:00+00:00
2025-10-08 23:39:00+00:00,183.6391,-0.00016175764006931618,183.6093973749376,183.6559,2025-10-08 23:49:00+00:00
2025-10-08 23:41:00+00:00,183.6306,-1.4095154149994588e-05,183.6280117166275,183.69,2025-10-08 23:51:00+00:00
2025-10-08 23:42:00+00:00,183.6301,2.158452779382701e-05,183.63406361177343,183.65,2025-10-08 23:52:00+00:00
2025-10-08 23:43:00+00:00,183.63,-4.836622655513422e-05,183.6211187245963,183.6101,2025-10-08 23:53:00+00:00
2025-10-08 23:44:00+00:00,183.63,-6.1046060486069e-05,183.61879045406573,183.55,2025-10-08 23:54:00+00:00
2025-10-08 23:45:00+00:00,183.6399,1.4796388609291785e-05,183.6426172274271,183.57,2025-10-08 23:55:00+00:00
2025-10-08 23:47:00+00:00,183.64,3.452751285750476e-05,183.6463407419255,183.5213,2025-10-08 23:57:00+00:00
2025-10-08 23:48:00+00:00,183.6,-0.0003535309753268247,183.53510318512303,183.52,2025-10-08 23:58:00+00:00
2025-10-08 23:50:00+00:00,183.65,-0.0001869673107772027,183.61566666308164,,2025-10-09 00:00:00+00:00
2025-10-08 23:51:00+00:00,183.65,-0.00041487748672572767,183.573823552602,,2025-10-09 00:01:00+00:00
2025-10-08 23:52:00+00:00,183.6559,-0.0001491444049931128,183.6285107925953,,2025-10-09 00:02:00+00:00
2025-10-08 23:53:00+00:00,183.69,-0.00013703956799878048,183.6648289265102,,2025-10-09 00:03:00+00:00
2025-10-08 23:54:00+00:00,183.65,-0.00027496864282490876,183.59950895079098,,2025-10-09 00:04:00+00:00
2025-10-08 23:55:00+00:00,183.6101,-0.00046656672173712435,183.52445361899441,,2025-10-09 00:05:00+00:00
2025-10-08 23:56:00+00:00,183.55,-0.0004710134109169457,183.46356584584706,,2025-10-09 00:06:00+00:00
2025-10-08 23:57:00+00:00,183.57,-0.00036988494959913767,183.50211277580735,,2025-10-09 00:07:00+00:00
2025-10-08 23:58:00+00:00,183.5213,-0.00042805943914752916,183.44275878660355,,2025-10-09 00:08:00+00:00
2025-10-08 23:59:00+00:00,183.52,-0.00037984643973224225,183.45030381914142,,2025-10-09 00:09:00+00:00
